SANLAX,83834
LAXSAN,83774
LAXLAS,75997
BOSLGA,75966
LGABOS,75463
LASLAX,74849
DCALGA,72930
LGADCA,72898
LGAORD,67325
ORDLGA,67213
LASPHX,66395
PHXLAS,65525
PHXLAX,65515
LAXPHX,64408
ORDMSP,63862
MSPORD,63098
SFOLAX,62394
ATLDFW,62317
DFWATL,61380
LAXSFO,61027
SJCLAX,60179
LAXSJC,60063
HOUDAL,59303
LGAATL,57472
ATLLGA,57455
DALHOU,57323
OGGHNL,57267
HNLOGG,56948
LAXOAK,56001
OAKLAX,55995
DCABOS,55870
BOSDCA,55724
DFWORD,52846
ORDDFW,52797
ATLMCO,51818
MCOATL,51693
LAXORD,50515
EWRORD,50375
ATLEWR,50036
EWRATL,50027
ORDLAX,49875
PHLORD,49268
ORDEWR,48697
DENDFW,48650
JFKLAX,48608
LAXJFK,48583
SANPHX,48360
DFWDEN,48045
ATLORD,47872
LIHHNL,47737
PHXSAN,47348
ORDPHL,47267
DCAORD,47157
ORDDCA,47151
HNLLIH,47070
ORDATL,46610
ORDDTW,46261
DTWORD,45874
BOSORD,45251
PHXDEN,44926
DENPHX,44457
ORDBOS,43964
PHLBOS,43917
BOSPHL,43595
DENLAX,42775
TPAATL,42502
ATLTPA,42492
LAXDEN,42449
DCAATL,42039
PHLATL,41669
FLLATL,41533
ATLFLL,41533
PHXSLC,41524
ATLPHL,41188
SLCPHX,41177
ATLDCA,41084
ATLMIA,40681
MIAATL,40577
IAHDFW,40565
DFWIAH,40564
CLEORD,40468
ORDCLE,40363
DFWLAX,40347
LAXDFW,40343
DENORD,40332
DENSLC,40323
DENLAS,40278
LASDEN,39917
SLCDEN,39489
ORDDEN,39278
SEAANC,38931
ANCSEA,38900
ATLIAD,38630
IADATL,38541
SEALAX,38163
JFKBOS,38080
LAXSEA,37949
BOSJFK,37911
PHXONT,37861
ONTPHX,37816
SANSJC,37728
SJCSAN,37656
KOAHNL,37589
ATLBWI,37512
HNLKOA,37290
ORDCVG,37205
MCOPHL,37039
PHLMCO,36891
SFOORD,36843
OAKSAN,36759
SANOAK,36733
AUSDFW,36372
DFWAUS,36327
CVGORD,36169
ORDSFO,36140
BWIATL,36139
MSPATL,36065
DFWPHX,36024
LASSAN,36010
PHXDFW,35868
SATDFW,35439
ATLMSP,35418
LASDFW,35401
DFWLAS,35397
DFWSAT,35381
SANLAS,34978
ATLBOS,34909
DTWATL,34903
ORDIAH,34791
LASSFO,34558
ATLDTW,34498
LASORD,34412
ATLDEN,34400
SFOLAS,34370
ABQPHX,34338
ORDLAS,34314
ORDCLT,34274
IAHORD,34173
SFOSEA,34078
ORDPHX,34002
SMFLAX,33978
LAXSMF,33911
JFKFLL,33755
FLLJFK,33732
MSPDTW,33655
DENATL,33516
PHXORD,33510
PHXABQ,33489
BOSATL,33405
SEASFO,33306
SFOJFK,33265
SBALAX,33100
LAXSBA,32951
CLTORD,32942
JFKSFO,32694
BWIBOS,32634
BOSBWI,32611
RDUATL,32578
ATLRDU,32550
ATLMEM,32466
ATLIAH,32426
MEMATL,32260
ATLCLT,32142
SLCLAX,32082
CLTATL,31971
IAHATL,31934
ATLJAX,31887
SEADEN,31853
SNASJC,31780
LAXHNL,31750
HNLLAX,31738
DTWMSP,31727
LAXFAT,31692
FATLAX,31688
LGADFW,31652
SATDAL,31616
DFWLGA,31590
SEALAS,31553
DALSAT,31542
SJCSNA,31505
LASSEA,31494
BOSEWR,31478
JFKMCO,31406
MCOJFK,31398
JAXATL,31378
MSPDEN,31349
LASOAK,31279
OAKBUR,31224
CMHORD,31199
SLCLAS,31139
BUROAK,31126
EWRBOS,31099
ORDCMH,30968
LAXSLC,30957
LASSLC,30745
DENSEA,30596
PHXSEA,30589
SEAPHX,30479
SEAOAK,30437
PHXSNA,30390
OAKSEA,30371
SNAPHX,30335
DENMSP,30283
GEGSEA,30251
ORDSEA,30191
SEAGEG,30144
OAKLAS,30137
ORDPIT,29969
IADORD,29951
PITORD,29915
DALAUS,29886
LAXATL,29885
EWRCLT,29881
AUSDAL,29852
CLTEWR,29831
SEAORD,29605
CLTLGA,29480
LASRNO,29472
IAHDEN,29335
HNLITO,29323
ORDIAD,29291
STLORD,28958
RNOLAS,28916
ORDSTL,28871
DENIAH,28802
DENSFO,28704
ATLLAX,28692
BWIMCO,28502
BURLAS,28486
DTWLGA,28416
LGADTW,28405
ITOHNL,28382
MCOBWI,28374
MSYATL,28372
ATLPIT,28357
ATLMSY,28270
LASBUR,28263
PITATL,28112
SANSMF,28042
SMFSAN,28036
LGACLT,28033
BOSIAD,27802
SFODEN,27333
MSYHOU,27327
HOUMSY,27263
LGARDU,27187
SNAOAK,27097
ORDDSM,27086
ATLMDW,27066
OAKSNA,27000
MDWATL,26983
EWRMCO,26969
MCOEWR,26963
EWRDTW,26873
DTWEWR,26851
IADBOS,26705
RDULGA,26361
IAHDAL,26272
DALIAH,26270
OAKPHX,26212
ATLMCI,26175
INDORD,26152
PHXBUR,26133
ORDIND,26097
PBIATL,26056
BURPHX,26019
ATLPBI,25847
OAKONT,25841
SANSFO,25826
MCIATL,25784
MDWMCI,25741
PHXSMF,25711
MCODFW,25667
MCIMDW,25664
DFWMCO,25653
DSMORD,25528
SMFPHX,25505
MSPDFW,25453
DFWMSP,25441
ONTOAK,25395
PNSATL,25380
ATLPNS,25357
SJUJFK,25344
JFKSJU,25343
ATLRSW,25251
RSWATL,25250
PHXIAH,25151
IAHPHX,25083
DCADFW,25075
LASATL,25051
SJCLAS,25041
DTWMDW,25006
DFWDCA,24999
PHXOAK,24961
MCIORD,24879
ATLLAS,24843
PVDBWI,24821
SFODFW,24698
BWIPVD,24687
DFWSFO,24685
IADLAX,24621
DFWMCI,24477
ORDMCI,24472
MCIDFW,24457
SAVATL,24304
ATLSAV,24301
DFWSEA,24277
SFOSAN,24247
ATLHOU,24225
LITDFW,24214
SMFONT,24201
EWRDFW,24190
PHXSJC,24190
DFWLIT,24185
DFWEWR,24151
ONTSMF,24110
SEADFW,24109
ONTLAS,24041
HOUATL,23959
EWRIAD,23862
DFWTUL,23811
IADEWR,23803
TULDFW,23800
ORDSAN,23771
SHVDFW,23757
DFWSHV,23667
LASSJC,23646
ATLDAY,23637
LAXIAD,23591
MSYIAH,23583
ORDBNA,23582
MCOORD,23575
IAHMSY,23570
PHXSFO,23568
LASONT,23550
DAYATL,23548
DFWSAN,23546
ORDBDL,23530
BOSRDU,23516
PITPHL,23514
SFOPHX,23473
MDWMSP,23400
LGAFLL,23387
STLDFW,23347
DFWSTL,23334
ORDMCO,23305
PHXATL,23286
ORDOMA,23284
BWIORD,23284
ORDBWI,23273
RDUBOS,23235
MDWDTW,23233
ATLPHX,23213
SFOSLC,23197
RDUEWR,23188
SLCBOI,23180
FLLLGA,23158
EWRRDU,23114
BOISLC,23103
DENMCI,23089
PHXELP,23087
SNASFO,23075
ELPPHX,23015
PHXPDX,22979
OMAORD,22966
PDXPHX,22945
BNAORD,22919
MRYLAX,22882
LASJFK,22876
JFKLAS,22868
LAXMRY,22834
SJCPHX,22823
SANDFW,22803
BDLORD,22755
ORDGRR,22725
MCIDEN,22724
GRRORD,22724
LASMDW,22715
SFOSNA,22705
MDWLAS,22694
CLEATL,22679
ORDMEM,22670
BWIMHT,22669
DTWDFW,22648
DFWDTW,22647
ATLRIC,22645
MHTBWI,22619
MSNORD,22594
MDWCLE,22594
PSPLAX,22576
RICATL,22568
CLEMDW,22560
SLCSFO,22560
LAXPSP,22534
DFWPHL,22523
LASSMF,22500
PHLDFW,22486
PDXDEN,22485
SMFLAS,22485
LAXEWR,22462
ORDCID,22455
ORDMSN,22428
ORDMIA,22351
MIAORD,22349
MDWSTL,22342
MEMORD,22338
STLMDW,22319
FLLEWR,22308
EWRFLL,22276
LAXTUS,22256
SANORD,22248
ORDBUF,22230
BUFORD,22211
TUSLAX,22203
RDUPHL,22161
CIDORD,22094
FLLPHL,22032
PHLRDU,22022
CLTDFW,22013
DENPDX,21982
DFWCLT,21974
IAHLAX,21956
MSPPHX,21946
PHLFLL,21927
IAHSAT,21897
PHXMSP,21885
MSPEWR,21884
CLELGA,21866
EWRMSP,21862
SATIAH,21853
LGACLE,21819
EWRLAX,21795
EWRIAH,21787
LAXIAH,21727
SEASJC,21650
SJCSEA,21639
MSPMDW,21611
PHLPIT,21608
IAHAUS,21586
PHFATL,21577
AUSIAH,21574
PHXDTW,21552
LASSNA,21538
ATLPHF,21528
SNALAS,21515
DTWPHX,21499
TPAPHL,21404
SBPLAX,21396
LAXSBP,21395
PHLTPA,21377
DFWBOS,21315
BOSDFW,21313
DFWSNA,21291
DFWXNA,21248
XNADFW,21216
IAHEWR,21198
DFWSLC,21190
ATLCLE,21151
IADMCO,21144
DENSAN,21074
SMFSEA,21074
SEASMF,21061
OKCDFW,21039
ANCFAI,21032
DFWOKC,21000
MCOIAD,20941
SANDEN,20937
SLCSEA,20889
SLCDFW,20887
SNADFW,20760
SMFBUR,20738
BURSMF,20656
CVGDFW,20597
SATHOU,20569
FAIANC,20557
MIALGA,20546
LGAMIA,20542
ATLBUF,20540
PHLCLT,20534
CLTBWI,20498
ATLIND,20421
CHSATL,20396
SEASLC,20388
BUFATL,20382
BWICLT,20381
PDXLAX,20380
ATLCHS,20375
INDATL,20374
ATLCAK,20314
LAXPDX,20309
DFWCVG,20166
DFWMEM,20157
CAKATL,20145
CLTPHL,20143
ATLMKE,20132
MEMDFW,20110
LBBDFW,19958
DFWHOU,19956
DFWLBB,19950
MKEATL,19934
HOUDFW,19917
ROCORD,19845
PDXSFO,19808
HOUSAT,19738
TPAJFK,19710
JFKTPA,19709
DFWMIA,19701
SFOPDX,19697
MIADFW,19695
ATLSFO,19686
DENCOS,19684
ORDROC,19629
BTRDFW,19626
DFWBTR,19544
OAKPDX,19510
TPAFLL,19497
COSDEN,19484
FLLTPA,19406
MCOBOS,19384
BOSMCO,19380
PDXOAK,19370
LGAIAH,19358
IAHLGA,19308
CVGATL,19265
CLTIAH,19173
PBIJFK,19158
CVGEWR,19153
JFKPBI,19139
EWRCVG,19126
IAHCLT,19122
STLPHX,19115
SFOATL,19115
LASPDX,19103
PHLPVD,19077
MCOMDW,19067
SLCORD,19067
PDXLAS,19063
MDWMCO,19033
HPNORD,18997
PVDPHL,18965
CLTBOS,18964
DTWIAH,18952
DFWABQ,18951
CLTMIA,18938
IAHDTW,18931
ATLGSO,18919
BOSCLT,18911
MIACLT,18909
BURSJC,18907
DFWBNA,18885
GSOATL,18876
ABQDFW,18870
BNADFW,18860
SJCBUR,18832
SLCOAK,18803
ORDSLC,18801
OAKSLC,18796
CLTIAD,18780
DENMDW,18779
MDWDEN,18771
ORDSNA,18751
TPABWI,18747
CLTMCO,18732
AUSHOU,18696
BWITPA,18688
HOUAUS,18687
MCOCLT,18675
JFKIAD,18639
IADJFK,18634
ATLSTL,18555
PHXSTL,18548
DFWMSY,18538
ORDHPN,18492
MSYDFW,18442
DFWELP,18441
STLATL,18439
SUNSLC,18424
ELPDFW,18383
AMADFW,18352
DCACLT,18352
TPADFW,18351
DFWTPA,18349
BNADTW,18348
ATLGPT,18324
IAHMSP,18294
DFWAMA,18290
MSPIAH,18288
JFKRDU,18273
DTWDCA,18243
HOUHRL,18240
BDLBWI,18238
DFWSGF,18220
SGFDFW,18216
CLTDCA,18206
DFWTUS,18191
HRLHOU,18165
SFOEWR,18163
MIAIAH,18140
IAHMIA,18139
ATLSRQ,18138
GPTATL,18132
SLCSUN,18131
SRQATL,18125
BWIBDL,18114
SFOSBA,18098
DTWBNA,18098
PIAORD,18081
RDUJFK,18075
JFKBUF,18068
ORDPIA,18058
BUFJFK,18049
IAHDCA,18034
DCADTW,18003
ATLCVG,17977
DCAIAH,17949
IADSFO,17917
IADCLT,17908
ONTSJC,17902
IADDEN,17892
SJCONT,17827
SLCATL,17789
VPSATL,17779
MCOLGA,17759
BWIISP,17746
ATLVPS,17745
ABQDEN,17687
DENABQ,17684
ISPBWI,17665
SFOHNL,17642
HNLSFO,17635
SBASFO,17594
TUSDFW,17555
LGAMCO,17551
SEASNA,17542
DENIAD,17535
DENPHL,17523
SNASEA,17512
ATLSAT,17506
MEMIAH,17502
CLEBWI,17480
MIAEWR,17477
EWRMIA,17466
SATATL,17437
IAHMEM,17428
JANDFW,17415
ORDRDU,17413
DFWJAN,17403
ORDPDX,17387
BHMATL,17377
ATLBHM,17370
IAHLFT,17369
LFTIAH,17366
BWICLE,17362
RNOPHX,17355
DTWSTL,17354
STLDTW,17338
BNABWI,17335
EWRSFO,17331
PHLDEN,17327
PHXRNO,17306
SNAORD,17287
ORDAUS,17280
ATLSLC,17274
DTWMCO,17264
MCODTW,17263
SNADEN,17261
BWIDFW,17194
DTWIAD,17187
DFWBWI,17185
IADDTW,17165
BWIBNA,17154
AUSORD,17147
SMFSFO,17095
LAXPHL,17087
SFOSMF,17070
GRBORD,17060
ORDGRB,17040
BWIMDW,17006
TPACLT,17005
SLCPDX,17000
FWAORD,16991
RDUORD,16978
LASMSP,16974
CLTTPA,16973
ORDFWA,16970
MSPLAS,16966
ATLORF,16949
DCAMIA,16949
EWRDCA,16937
MIADCA,16937
MDWBWI,16906
DTWPHL,16902
DCAEWR,16899
SFOIAD,16875
ORFATL,16871
PHLDTW,16777
LAXBOS,16749
EWRPHX,16675
MDWBNA,16632
PDXORD,16604
PDXSLC,16594
SEASAN,16545
DFWRDU,16544
SANSEA,16543
CRPDFW,16543
SJCPDX,16531
RDUDFW,16513
BNAMDW,16499
DFWCRP,16497
PDXSJC,16464
CVGDTW,16440
PHXEWR,16437
DFWFLL,16431
FLLDFW,16431
MSPMKE,16398
DTWDEN,16394
PHXPHL,16385
BNAATL,16384
DENSJC,16361
ATLBNA,16342
RDUDCA,16337
DENDTW,16288
PHLPHX,16285
DTWBWI,16226
PVDORD,16202
CLTFLL,16201
ATLFNT,16197
ORDPVD,16190
MKEORD,16178
ATLROC,16176
SYRORD,16161
MYRATL,16133
BWIDTW,16133
DALLBB,16121
ORDSYR,16114
BWIFLL,16113
PHLLAX,16108
ATLPFN,16100
ATLMYR,16097
LBBDAL,16096
DENSMF,16096
ICTORD,16093
FLLBWI,16081
SJCDEN,16081
SMFDEN,16069
EWRLAS,16068
ORDMKE,16055
ORDICT,16053
CVGLGA,16051
AGSATL,16038
LASEWR,16030
IAHLAS,16030
FNTATL,16025
SJUMIA,16016
MIASJU,16010
ROCATL,15985
LASPHL,15964
PFNATL,15963
ACVSFO,15962
ATLICT,15954
ORDTPA,15950
PHLLAS,15943
DENSNA,15932
ATLCAE,15930
PHXMDW,15923
CLTPIT,15921
DALAMA,15909
AMADAL,15902
MRYSFO,15893
MDWPHX,15892
CAEATL,15888
LASIAH,15883
PITCLT,15873
DCARDU,15862
BURSFO,15849
SFOACV,15848
DTWCVG,15839
SFOMRY,15829
ATLAGS,15825
DTWBOS,15823
IDASLC,15803
SLCIDA,15789
PHXBWI,15780
ICTATL,15765
SFOIAH,15745
BOSLAX,15735
IAHSFO,15732
LGACVG,15722
BWIPHX,15694
PHLMHT,15683
ATLHSV,15681
ICTDFW,15675
HSVATL,15674
GRRDTW,15673
BOSDTW,15670
DFWICT,15663
MHTPHL,15658
FLLCLT,15647
FATSFO,15644
DTWIND,15611
TPAORD,15607
DTWGRR,15593
SFOFAT,15561
ATLSDF,15546
DENLGA,15541
DAYORD,15517
SFOBOS,15509
LAXMDW,15507
MDWLAX,15502
ORDDAY,15500
SDFATL,15499
SMFSNA,15488
GSPATL,15488
SFOMFR,15484
ATLGSP,15476
SNASMF,15459
LGADEN,15447
MFRSFO,15446
GRKDFW,15437
MSPMEM,15430
DFWGRK,15412
BOSSFO,15357
ATLTLH,15330
TLHATL,15299
SJCDFW,15294
PITMCO,15266
MCOPIT,15261
MEMMSP,15224
IAHPHL,15220
BOSFLL,15190
INDDTW,15187
FLLBOS,15179
RNOSLC,15170
PHLIAH,15166
OMADEN,15129
SLCRNO,15129
DFWSJC,15119
AUSPHX,15111
PHXAUS,15107
MKEMSP,15100
ABIDFW,15067
DFWABI,15064
IAHSLC,15041
MCIIAH,15016
SJCORD,14991
DTWCLT,14985
MSPLGA,14984
SLCIAH,14969
IAHMCI,14956
IAHBTR,14952
BTRIAH,14952
TULDAL,14951
DALTUL,14947
PDXSMF,14935
DCAJFK,14930
DENEWR,14928
LGAMSP,14884
EWRPIT,14883
CLTDTW,14879
SMFPDX,14867
IAHCRP,14864
CRPIAH,14864
JFKDCA,14857
DALABQ,14843
ATLDAB,14819
SLCSGU,14816
DENOMA,14812
OKCORD,14811
SGUSLC,14810
ATLTYS,14776
DTWMEM,14745
PITEWR,14741
TYSATL,14716
DABATL,14714
ORDSJC,14709
COSDFW,14658
MCOSTL,14655
ORDOKC,14654
DFWCOS,14651
ATLMGM,14632
STLMCO,14629
MGMATL,14613
MCOSJU,14603
OKCIAH,14603
SJUMCO,14591
IAHOKC,14589
CLTRDU,14570
ATLJAN,14564
JANATL,14554
MEMDTW,14546
EWRTPA,14541
TPAEWR,14537
EWRDEN,14537
ATLBDL,14533
MSPSLC,14524
BDLATL,14522
MCIPHX,14486
SDFORD,14466
ORDSDF,14463
ORDXNA,14444
XNAORD,14435
DALLIT,14432
PHXMCI,14425
FLLMCO,14423
MCOIAH,14415
BWIBUF,14402
IAHMCO,14395
BUFBWI,14391
BOSBGR,14387
BGRBOS,14384
SFOBUR,14383
MDTORD,14379
JFKLGB,14356
LAXMSP,14348
PBIEWR,14345
ORDALB,14337
ALBORD,14330
LGBJFK,14324
SANATL,14320
BWIALB,14318
EWRPBI,14305
ALBBWI,14298
RDUCLT,14283
ATLMOB,14249
ORDMDT,14247
JAXCLT,14200
CLTJAX,14198
BZNSLC,14144
SLCMSP,14136
SLCBZN,14131
PHXTUS,14126
MSPLAX,14074
MIAPHL,14072
ABQDAL,14072
MSPCLE,14061
PHLMIA,14057
MOBATL,14027
SFOPHL,14024
DFWCLE,13992
IAHBNA,13983
CLEDFW,13983
BNAIAH,13983
TULORD,13983
OGGLAX,13950
MCOFLL,13945
LAXOGG,13937
IAHMFE,13936
MFEIAH,13935
DENBOS,13931
SGFORD,13927
CVGIAH,13923
ABQSLC,13911
IAHCVG,13908
CLEMSP,13900
CMIORD,13897
PHXSAT,13888
ORDCMI,13883
MCIMSP,13880
TUSPHX,13873
ATLBTR,13867
LITDAL,13866
MSPMCI,13865
DCAMSP,13853
TYSORD,13847
ORDTYS,13845
BTRATL,13843
MCISTL,13830
SLCABQ,13808
RNOSFO,13797
ORDSAT,13794
SFORNO,13787
BWIDEN,13780
STLMCI,13771
IADCLE,13758
ACTDFW,13753
ABQLAX,13752
CLEIAD,13749
DFWACT,13738
SEAMSP,13730
LASABQ,13685
SLCBIL,13680
SEAPDX,13672
ORDTUL,13667
BILSLC,13661
PDXSEA,13650
MSPDCA,13610
AZOORD,13604
JFKATL,13585
ORDAZO,13584
PITDFW,13582
ATLSAN,13580
DENMCO,13572
ATLAUS,13560
EUGSFO,13555
DFWPIT,13554
SFOEUG,13551
DENOAK,13542
MIAJFK,13541
ABQLAS,13541
JFKMIA,13534
MCODEN,13530
LAXMIA,13524
SPSDFW,13521
MIALAX,13520
MSPSEA,13515
PHLMDW,13507
ORDSGF,13499
MDWPHL,13488
DFWSPS,13488
IAHTUL,13477
TULIAH,13462
OAKDEN,13449
AUSATL,13392
EWRSJU,13380
SJUEWR,13378
MLIORD,13374
DENBWI,13324
CMHMDW,13318
PHLSFO,13317
MDWCMH,13286
ORDRIC,13280
SEAATL,13275
BOSCVG,13273
ATLGNV,13269
RICORD,13254
SATPHX,13233
CMHLGA,13228
ATLJFK,13226
DENSTL,13214
GEGSLC,13202
SANSLC,13189
SLCSAN,13170
CLDLAX,13169
MSOSLC,13156
LAXCLD,13147
LAXABQ,13132
STLDEN,13122
SLCGEG,13116
PHLMSP,13084
DFWIAD,13063
IADDFW,13061
IAHSAN,13017
SANIAH,13011
ATLCHA,12999
LGACMH,12996
CHAATL,12991
CVGMSP,12983
MLBATL,12967
ATLMLB,12950
SEAIAH,12949
MSPPHL,12948
IAHSEA,12933
ATLLEX,12920
MCOMIA,12911
MDWDFW,12888
SLCMSO,12886
ROCJFK,12885
DFWMDW,12879
FLLORD,12863
ORDFLL,12861
JFKROC,12852
GNVATL,12840
CLEIAH,12833
LAWDFW,12831
IAHCLE,12830
DFWLAW,12810
SATORD,12809
DFWHSV,12809
ATLAVL,12801
LEXATL,12793
TUSLAS,12789
INDDFW,12781
DFWIND,12778
ORDMLI,12777
LGAPIT,12770
DTWLAS,12759
LASDTW,12755
DFWONT,12749
BOSDEN,12731
HSVDFW,12726
AVLATL,12674
ONTDFW,12663
ONTLAX,12656
MKEDTW,12651
LAXONT,12639
CVGDCA,12619
CLTMYR,12614
MYRCLT,12613
JAXFLL,12590
FLLJAX,12586
BOSMIA,12545
DALMAF,12544
MIABOS,12541
MCILAS,12540
TYRDFW,12536
LASTUS,12531
DFWTYR,12522
LASMCI,12519
SATDEN,12464
IAHABQ,12446
ABQIAH,12446
EWRCLE,12426
SNASLC,12415
SLCSNA,12408
CVGSLC,12399
CLEEWR,12387
MIAMCO,12374
MDWOMA,12373
SLCTWF,12373
SLCCVG,12365
OMAMDW,12363
BWIRDU,12341
LGAMDW,12328
MDWLGA,12311
JFKRSW,12311
RSWJFK,12305
ATLLIT,12300
RDUBWI,12298
DTWCMH,12297
TWFSLC,12288
MSPCVG,12284
DALELP,12282
LEXCVG,12274
LITATL,12274
MSPFAR,12234
FARMSP,12230
BHMIAH,12226
ATLSEA,12221
ELPDAL,12216
IAHBHM,12210
CVGLEX,12180
DENGJT,12174
GJTDEN,12142
SLCFCA,12142
RAPDEN,12090
HOUBNA,12088
DENRAP,12087
ATLCMH,12068
BNAHOU,12052
EWRSEA,12049
CVGPHL,12046
SEAEWR,12033
SFOMSP,12016
MAFDAL,11998
PHLCVG,11962
DENCLT,11955
MCOMSP,11944
MSPMCO,11939
FCASLC,11934
CLTDEN,11934
ORDEVV,11916
EVVORD,11916
MDWTPA,11912
STLHOU,11875
LAXDTW,11865
MSPSTL,11856
TPAMDW,11835
DSMDFW,11833
DFWDSM,11824
FSMDFW,11795
JACSLC,11794
DFWFSM,11792
MCOBDL,11784
SFORDD,11783
SFOBOI,11780
BDLMCO,11777
HOUSTL,11763
RDUCVG,11739
SLCJAC,11738
CRPHOU,11736
HOUCRP,11734
RDDSFO,11732
LGAPBI,11731
CMHDFW,11729
DFWCMH,11722
CVGBOS,11712
MAFDFW,11710
DFWMAF,11706
ATLSHV,11705
LGBOAK,11683
OAKLGB,11675
OKCDEN,11670
PITLGA,11665
CLESTL,11657
TVCORD,11652
ORDTVC,11643
PITIAH,11642
IAHTPA,11613
TPAIAH,11612
STLMSP,11609
RSTORD,11605
ORDRST,11598
PHLBDL,11594
SMXLAX,11580
INDMSP,11577
CVGCLE,11565
MSPSFO,11548
LAXSMX,11544
LAXMCO,11523
MCOLAX,11522
BDLPHL,11516
SJCRNO,11515
DENSAT,11503
PBILGA,11497
MTJDEN,11493
DENMTJ,11491
DCACVG,11482
ORDORF,11481
DENAUS,11480
IAHPIT,11478
ORFORD,11447
BOISFO,11443
RNOSJC,11441
ATLILM,11431
IAHOMA,11420
OMAIAH,11415
BWIORF,11414
CLEBNA,11407
ORFBWI,11402
PVDMCO,11395
MCOPVD,11389
SHVATL,11389
BNACLE,11379
FLLIAH,11369
IAHFLL,11368
DENOKC,11360
ILMATL,11358
DTWMKE,11347
AUSDEN,11344
STLCLE,11329
IAHIND,11300
OMAPHX,11275
DALMSY,11271
PBICLT,11254
PHLPBI,11254
PHXOMA,11253
DFWPDX,11245
PBIPHL,11245
CLTPBI,11205
MSPIND,11202
RDUIAD,11197
RDUIAH,11190
BOIDEN,11187
IAHRDU,11181
MSYDAL,11175
PDXDFW,11104
SLCPSC,11096
MCODCA,11090
BWIIAH,11076
PHXHOU,11076
OKCDAL,11075
PSCSLC,11075
DCAMCO,11070
SEARNO,11052
DALOKC,11041
ATLXNA,11040
CLEDTW,11034
ATLFAY,11015
EWRSTL,11002
STLEWR,11000
CVGBNA,10987
PIHSLC,10986
BOSMSP,10976
RNOSEA,10961
CMHEWR,10954
SLCONT,10947
OAKJFK,10944
SLCPIH,10940
JFKOAK,10937
SDFMDW,10926
IAHBWI,10924
EWRMDW,10915
MDWEWR,10910
SNALAX,10908
STLLAX,10907
DTWMBS,10902
LAXSTL,10902
ONTSLC,10888
DTWLAN,10882
DTWCLE,10880
EWRBUF,10876
FAYATL,10874
MBSDTW,10870
MSPOMA,10858
MDWSDF,10857
JFKPHX,10850
OMAMSP,10848
DENBOI,10844
PHXJFK,10843
CVGRDU,10843
LANDTW,10840
IAHSNA,10837
LAXSNA,10828
EWRCMH,10826
MSPBOS,10822
SMFDFW,10820
DFWSMF,10815
XNAATL,10810
CMHDTW,10804
ASEDEN,10789
IAHBOS,10785
DENASE,10758
IADRDU,10758
TUSSLC,10751
MDWFLL,10744
CLTMSP,10718
FLLMDW,10716
BROIAH,10702
IAHBRO,10701
BUFEWR,10701
INDIAH,10700
TPAIAD,10692
BWISTL,10686
MSPCLT,10670
SDFDFW,10667
ORFCLT,10662
DFWSDF,10659
BNACVG,10646
DFWPNS,10641
RNOLAX,10633
JAXIAH,10612
STLBWI,10610
HOUPHX,10607
PNSDFW,10605
CVGPIT,10591
IAHJAX,10587
ATLDHN,10583
PITCVG,10575
MCOIND,10573
DHNATL,10570
INDMCO,10561
CMHCVG,10553
LGAIAD,10535
IADCAE,10523
ATLTRI,10505
SLCTUS,10501
LAXRNO,10500
IADLGA,10500
SJTDFW,10500
IAHGPT,10499
EKOSLC,10499
MIATPA,10498
GPTIAH,10497
TPAMIA,10495
SNAIAH,10493
DFWSJT,10485
STLIAH,10483
SBPSFO,10479
TRIATL,10459
LGASTL,10458
STLLGA,10456
SFOSBP,10444
LASCLE,10441
SLCGTF,10434
SLCEKO,10431
RNOOAK,10421
SLCSMF,10420
BOSIAH,10418
MDWOAK,10417
DRODEN,10412
IAHLIT,10411
GTFSLC,10401
SMFSLC,10399
DENDRO,10398
ORDGSP,10395
CLTORF,10390
LITIAH,10381
BMIORD,10370
ORDBMI,10357
OAKMDW,10356
GRRCVG,10356
CVGGRR,10355
SLCGJT,10352
CSGATL,10347
ATLCSG,10342
GJTSLC,10339
DTWLAX,10334
LASBWI,10323
JAXDFW,10318
BWILAS,10312
ELPIAH,10299
IADTPA,10299
IAHELP,10299
BDLCLT,10294
RDMPDX,10286
CLTBNA,10282
PDXRDM,10278
ATLMLI,10268
CLELAS,10264
MCIDAL,10261
BNAMCO,10257
HOUMDW,10253
MCOBNA,10252
CLTBDL,10250
GSPORD,10250
MSNDTW,10241
DTWMSN,10239
DALMCI,10235
IAHCOS,10233
COSIAH,10231
SJUPHL,10217
CLLDFW,10213
CLECVG,10212
PHLSJU,10211
TPALGA,10210
LGATPA,10208
OAKDFW,10204
DFWCLL,10203
MLIATL,10199
BUFDTW,10185
DFWOAK,10177
CVGCLT,10175
MDWHOU,10168
BNACLT,10165
IAHSTL,10155
DTWBUF,10140
RDUBNA,10136
BNARDU,10131
CLTCVG,10118
SANJFK,10118
BOSTPA,10117
TPABOS,10114
BDLIAD,10113
JFKSAN,10103
SLCHLN,10099
HLNSLC,10064
CHSCLT,10062
CLTCHS,10061
ATLHPN,10057
MSPFSD,10042
FSDMSP,10038
EWRIND,10021
INDEWR,10005
ATLPVD,9996
HPNATL,9977
CMHATL,9957
RICEWR,9949
MKECVG,9944
EWRRIC,9943
CVGMKE,9933
DAYCVG,9928
PVDATL,9928
ATLCRW,9919
CVGMCI,9917
BWISDF,9916
MCICVG,9916
CVGDAY,9903
SDFCVG,9902
SDFBWI,9892
CLTRSW,9889
ORDMSY,9887
DFWJAX,9881
CVGSDF,9872
CAEIAD,9866
RSWCLT,9864
MEMDEN,9864
ORDJFK,9849
JFKORD,9835
BFLLAX,9820
CRWATL,9817
OAKRNO,9810
DTWMCI,9808
LAXBFL,9800
ISPMCO,9777
MSYORD,9775
CVGMCO,9772
MCOCVG,9769
MCOISP,9768
CIDDFW,9749
CVGCAE,9746
DFWCID,9740
CLTRIC,9728
LITORD,9721
ORDLIT,9715
RICCLT,9700
INDCLT,9696
DENMEM,9696
BWICVG,9695
PITIAD,9694
JFKSEA,9690
ATLROA,9686
SEAJFK,9679
EWRBNA,9663
CAECVG,9661
IADPIT,9658
BNAEWR,9655
MCIDTW,9645
ISPMDW,9633
PDXMFR,9629
CPRDEN,9628
DENCPR,9620
MSPMSN,9616
MSNMSP,9614
ATLOMA,9596
ROCEWR,9594
EWRROC,9589
DENTUL,9579
PHXCLE,9566
IAHTUS,9553
TUSIAH,9551
ORDLEX,9545
LEXORD,9543
EUGPDX,9537
LASFAT,9535
MDWISP,9528
FATLAS,9525
CVGDEN,9518
TUSDEN,9512
MCOMSY,9510
DENCVG,9508
SMFORD,9503
ROAATL,9482
OXRLAX,9480
DENTUS,9479
ATLTUL,9478
CLTPVD,9470
ORDSMF,9463
MSYMCO,9463
LAXOXR,9457
JAXPHL,9434
PVDEWR,9423
CLEMKE,9423
PVDCLT,9422
LASIAD,9420
BNATPA,9407
PHLJAX,9405
EWRPVD,9404
CLEPHX,9395
MKECLE,9390
OMAATL,9384
TULATL,9381
DFWTYS,9381
INDMDW,9379
TPABNA,9378
IADLAS,9375
SAVCLT,9350
CLTSAV,9350
ONTDEN,9347
DENONT,9342
GSOCVG,9333
IADBDL,9332
MCORDU,9322
TYSDFW,9317
MDWIND,9316
SJUORD,9287
OMADFW,9252
TULDEN,9251
DFWOMA,9248
TYSCVG,9243
SLCSJC,9240
MIADTW,9224
LASSAT,9224
TPADTW,9222
SJCSLC,9221
DTWTPA,9221
ATLBMI,9214
CHSIAD,9210
CVGTYS,9208
DENIND,9204
MSPGRR,9198
SATLAS,9192
PITMDW,9188
BHMDFW,9183
DTWBDL,9180
PDXMSP,9176
MSPPDX,9175
DFWBHM,9156
SLCCOS,9153
IADCHS,9151
COSSLC,9149
BOISEA,9141
JFKDTW,9139
MDWPIT,9138
IAHMAF,9128
MAFIAH,9128
BDLDTW,9127
BMIATL,9127
DTWMIA,9122
SFOMOD,9120
GRRMSP,9118
MODSFO,9111
DENICT,9101
SEABOI,9097
BOSLAS,9095
JANIAH,9094
RDUMCO,9094
IAHJAN,9093
LAXMCI,9090
LASBOS,9086
SHVIAH,9084
IAHSHV,9080
MCISLC,9078
EWRJAX,9077
ICTDEN,9066
DCACLE,9063
MKEEWR,9062
JAXEWR,9048
DTWJFK,9047
MDWSAN,9038
ORDFSD,9038
SANMDW,9038
INDDEN,9026
MCILAX,9025
EWRMKE,9020
ATLSYR,9008
MCIOKC,9007
STLSLC,9006
SYRATL,8999
SLCSTL,8997
OKCMCI,8996
PHXIND,8991
INDPHX,8989
JFKBTV,8988
BTVJFK,8987
CVGLAX,8979
TPACVG,8977
CVGTPA,8972
ORFEWR,8970
ILMCLT,8970
CLTILM,8968
LAXCVG,8961
EWRORF,8949
MFRPDX,8931
CLEDCA,8921
TOLCVG,8911
GSOEWR,8911
EWRGSO,8910
CVGTOL,8907
DSMDEN,8886
AUSLAX,8856
ATLSJU,8855
LAXAUS,8854
SJUATL,8850
ATLGRR,8846
ORDSJU,8839
CVGGSO,8821
FSDORD,8799
LAXBNA,8788
GRRATL,8786
BNALAX,8782
CVGMEM,8770
LRDDFW,8753
DFWLRD,8747
MEMCVG,8746
ATLMDT,8743
MOBIAH,8721
IAHMOB,8720
ATLALB,8711
PDXEUG,8711
ONTSEA,8707
GSPIAD,8704
SEAONT,8704
CLEMCO,8696
EWRMCI,8689
CLTCLE,8685
FNTDTW,8684
SEABUR,8678
BURSEA,8676
MCOCLE,8675
EWRRSW,8673
RSWEWR,8672
BWICMH,8670
CLECLT,8668
MCIEWR,8660
LASHOU,8659
MSYTPA,8650
DENBNA,8649
MDTATL,8649
HOULAS,8644
ALBATL,8635
DCAFLL,8633
ATLOKC,8630
BNADEN,8629
SLCMCI,8626
CVGBWI,8622
STLLAS,8622
DTWFNT,8619
TPADCA,8618
CMHBWI,8606
BURDFW,8604
LASSTL,8604
OKCATL,8603
FLLDCA,8602
DFWBUR,8600
PITDTW,8589
IAHXNA,8588
XNAIAH,8588
MHTEWR,8584
DFWVPS,8583
TPAMSY,8580
DCATPA,8566
IADGSP,8560
IADSEA,8537
ATLSNA,8525
VPSDFW,8524
DALSTL,8524
SNAATL,8513
MCOMHT,8505
MHTMCO,8504
SLCCPR,8496
EWRMEM,8496
STLDAL,8489
FSDDEN,8483
CPRSLC,8478
DENTPA,8472
JFKCVG,8459
TOLORD,8453
ORDTOL,8451
SEAIAD,8449
TPADEN,8442
JANHOU,8435
IADJAX,8435
SEAMDW,8429
BNALGA,8424
JAXIAD,8423
PDXSNA,8422
MEMEWR,8417
HOUJAN,8416
LGABNA,8403
MDWSEA,8397
PBIBWI,8397
DENBIL,8391
CVGJFK,8386
BWIPBI,8385
BILDEN,8383
STLCVG,8382
CVGSTL,8381
PHXCLT,8376
SNAPDX,8362
BOSRSW,8359
MSPBIS,8359
BISMSP,8359
RSWBOS,8354
SANMSP,8352
MSPSAN,8349
PNSIAH,8349
CLTPHX,8349
CVGGSP,8348
IAHPNS,8348
INDLAS,8341
RNODEN,8336
LAXCLT,8335
DENRNO,8335
CLTLAX,8332
LASIND,8331
PHXOKC,8326
CLTMSY,8316
EWRMHT,8313
PITBOS,8309
DTWGRB,8306
OKCPHX,8305
DENBUR,8299
CVGJAX,8291
DTWRDU,8284
JAXCVG,8282
DTWPIT,8281
RDUDTW,8278
MSYCLT,8278
BOSPBI,8271
PBIBOS,8270
INDCLE,8264
DENFSD,8256
LASCMH,8247
MFEDFW,8239
SANPDX,8239
DFWMFE,8238
PDXSAN,8237
BOSPIT,8232
IAHMKE,8224
PVDDTW,8219
DTWPVD,8218
CMHLAS,8216
MKEIAH,8211
GRBDTW,8210
LAXBWI,8204
HRLIAH,8158
IAHHRL,8156
ORFIAD,8155
IAHIAD,8154
IADIAH,8152
GEGPDX,8151
BWILAX,8144
BZNDEN,8133
PDXGEG,8126
DENBZN,8124
OAKIAD,8119
IADOAK,8119
CVGCMH,8117
IADORF,8115
ORDMHT,8112
OKCHOU,8111
IADCVG,8110
HOUOKC,8105
GSPCVG,8102
CVGIAD,8100
PDXRNO,8089
PITJFK,8082
MCIBNA,8081
JFKSLC,8074
CAKCVG,8071
CLTIND,8067
AUSELP,8062
JFKPIT,8060
MHTORD,8053
SLCJFK,8050
CVGCAK,8044
BOSSJU,8041
SJUBOS,8040
ELPAUS,8040
BNAMCI,8035
RNOPDX,8034
MSPBWI,8034
ABYATL,8033
IAHLCH,8028
LCHIAH,8025
TPAPBI,8024
PBITPA,8023
BDLCVG,8022
CVGBHM,8015
DFWGSO,8015
DENCLE,8014
GRBMSP,8011
ELPSAT,8009
DTWFLL,8004
GSODFW,8001
FLLDTW,7999
CLEDEN,7996
BWIMSP,7993
CVGBDL,7988
CLTLAS,7986
SEAJNU,7981
LASCLT,7969
EWRBWI,7968
ATLABY,7968
TULHOU,7947
BWIEWR,7943
BTVEWR,7942
EWRBTV,7916
MSPGRB,7914
CLEBOS,7905
HOUTUL,7892
SATELP,7892
IAHICT,7886
ICTIAH,7885
PITLAS,7855
LASPIT,7846
CMHMSP,7845
DBQORD,7836
MBSORD,7817
PHLRSW,7817
SYREWR,7815
PITPHX,7812
ORDDBQ,7812
EWRBDL,7806
EWRSYR,7805
ATLMLU,7803
BOSCLE,7797
SAVIAD,7791
GSPDFW,7785
SYRDTW,7780
DTWSYR,7780
DFWGSP,7777
KTNSEA,7759
SEAKTN,7758
COSORD,7758
PWMEWR,7758
EWRPWM,7757
ORDMBS,7756
RSWPHL,7754
TUSORD,7740
MDWPVD,7734
FLLIAD,7733
HOUBWI,7728
IADFLL,7726
SFOPSP,7724
ATLEVV,7723
BNAPHX,7716
BWIHOU,7714
PHXBNA,7714
IADSAV,7710
PHXPIT,7692
JFKSYR,7689
SYRJFK,7687
DTWORF,7673
FATSLC,7664
SLCFAT,7659
PHLCLE,7659
CLEPHL,7657
JAXORD,7651
CLEIND,7646
ORDJAX,7646
EVVATL,7646
LBBIAH,7645
ORDCOS,7644
IAHLBB,7642
BDLTPA,7640
MHTIAD,7637
TPABDL,7633
PSPSFO,7632
ORFDTW,7627
MLUATL,7620
PVDMDW,7597
CVGLAS,7579
LASCVG,7579
CLTSFO,7577
IADMHT,7576
MCOMEM,7575
MEMMCO,7575
BDLEWR,7571
SBASJC,7555
SJCSBA,7550
MHTDTW,7549
DTWMHT,7547
CLTGSO,7520
RDUMDW,7505
BHMCVG,7499
SFOCLT,7495
AEXIAH,7486
IAHAEX,7485
CMHIAH,7479
ORDTUS,7465
MCOMCI,7464
SANIAD,7463
MCIMCO,7462
MDWRDU,7453
CLTBUF,7447
GRRCLE,7445
CLEMHT,7435
CLEGRR,7425
BNAJAX,7425
ATWORD,7419
BUFCLT,7411
ORDATW,7411
IAHCMH,7397
MKEDFW,7387
BNALAS,7386
ALBDTW,7381
DTWALB,7381
DFWMKE,7378
IADSAN,7378
DENGEG,7370
ATLVLD,7366
JNUSEA,7364
GEGDEN,7363
JAXBNA,7357
MHTMDW,7344
SFOOGG,7336
LASBNA,7336
OGGSFO,7333
DTWSEA,7323
BDLRDU,7320
DENDSM,7320
STLSDF,7317
RDUBDL,7313
MDWMHT,7312
IADMIA,7306
MIAIAD,7305
CLEMCI,7302
AMAIAH,7299
VLDATL,7298
IAHAMA,7298
TXKDFW,7289
FATDEN,7286
SDFSTL,7283
LSEORD,7282
ORDLSE,7280
DFWTXK,7278
RDUPHX,7277
SFOCIC,7275
JAXLGA,7275
CICSFO,7273
PHXRDU,7271
MCICLE,7268
LGBSLC,7267
SLCLGB,7266
LGAJAX,7265
BWIBHM,7264
PSPLAS,7263
LASPSP,7260
BHMBWI,7257
LNKORD,7255
BUFIAD,7249
ORDBHM,7245
MSYBHM,7241
BOSSTL,7241
STLBOS,7241
DENFAT,7227
IADBUF,7224
BHMORD,7222
DTWSFO,7221
BHMMSY,7211
MCNATL,7194
LGAMEM,7190
DLHMSP,7182
MSPDLH,7181
ATLMCN,7178
SBNCVG,7168
MHTCLE,7164
CVGSBN,7164
DTWRSW,7161
RSWDTW,7161
LASAUS,7160
SLCRAP,7158
RAPSLC,7157
AUSLAS,7155
CVGDSM,7126
EWRALB,7123
SEADTW,7110
BNAIAD,7110
DENLNK,7107
GSOCLT,7107
ABQSAN,7099
ALBEWR,7098
SANABQ,7094
MEMLGA,7091
ANCJNU,7090
PITDEN,7085
JNUANC,7074
CAEORD,7069
SJUDFW,7067
ATLBQK,7065
DFWSJU,7063
DSMCVG,7062
SJUFLL,7047
FLLSJU,7046
PDXATL,7040
PITTPA,7040
BUFCLE,7038
DCAPVD,7037
ALBCLE,7034
LAXELP,7033
ORDLAN,7015
LANORD,7013
CLEALB,7011
KOALAX,7001
LAXKOA,6992
HNLSEA,6982
ORDLNK,6979
SEAHNL,6971
TPASTL,6968
SFOMIA,6966
MIASFO,6962
STLTPA,6955
DENPIT,6952
TPAPIT,6949
SBNORD,6935
ORDSBN,6935
BQKATL,6934
SANTUS,6933
TUSSAN,6932
YUMLAX,6929
ORDGSO,6918
DCAPIT,6916
LAXYUM,6898
DENFAR,6895
GSOORD,6881
IAHPBI,6877
PBIIAH,6871
ELPHOU,6865
CLEBUF,6859
BWIMIA,6849
MIABWI,6848
BDLDFW,6846
STLDCA,6844
DCASTL,6844
DFWBDL,6837
ABQATL,6825
LNKDEN,6821
ATLABQ,6817
FARDEN,6816
BURDEN,6798
IAHSDF,6785
ATWCVG,6781
PVDDCA,6779
SFODTW,6754
OKCSLC,6751
DAYDFW,6748
DFWDAY,6745
MEMMSY,6727
MSYMEM,6726
DCABDL,6717
IADLGB,6717
SLCOKC,6713
MEMDCA,6712
MEMLAX,6710
DCAMEM,6708
MSPBNA,6694
BDLDCA,6692
CMHPHX,6692
PHXCMH,6686
LGBIAD,6684
CVGATW,6683
IAHTYS,6680
ANCBET,6676
IADROC,6673
ATLGTR,6670
FWACVG,6667
CVGFWA,6661
SANEWR,6653
EWRSAN,6650
GGGDFW,6645
TYSIAH,6645
LAXFLL,6639
CVGRIC,6633
FLLLAX,6633
DFWGGG,6630
RICCVG,6619
PHLMSY,6619
EWRCHS,6612
CHSEWR,6595
HOUMCO,6593
ORDCHS,6584
STLOMA,6583
BETANC,6581
MCOPHX,6578
MOTMSP,6577
MSPMOT,6577
OMASTL,6573
MCOHOU,6566
MSYPHL,6562
PHXMCO,6561
MIARDU,6559
RDUMIA,6558
IADMSP,6547
MSPIAD,6546
SDFIAH,6545
GTRATL,6541
LASOMA,6536
LANCVG,6529
CVGLAN,6528
OMALAS,6522
CHSORD,6521
ATLPDX,6516
IAHPDX,6516
DTWSDF,6510
PDXIAH,6508
CVGMDT,6507
BDLCLE,6507
MDTCVG,6504
FARORD,6495
EWRMSY,6494
ATLMHT,6492
MSYEWR,6492
BTMSLC,6491
PHLCMH,6487
ROCIAD,6468
IADBNA,6462
SEALGB,6458
DENMIA,6456
LGBSEA,6455
VPSMEM,6455
MIADEN,6455
MEMVPS,6455
STLTUL,6454
TPAPVD,6452
INDMEM,6451
IAHHSV,6450
MHTATL,6447
ORDFAR,6439
BWIJAX,6434
PVDTPA,6429
TULSTL,6426
LAXCOS,6424
JAXBWI,6419
MEMIND,6417
ORDCAE,6415
ELPLAX,6412
HSVIAH,6410
CLEDAY,6409
COSLAX,6404
MSPCMH,6402
HOULAX,6401
LAXHOU,6399
DAYCLE,6398
SLCBTM,6397
PITDCA,6391
LGACHS,6390
LITSTL,6385
CHSLGA,6383
BWIMCI,6379
GSOIAD,6377
MIACVG,6371
MCICLT,6371
LITMEM,6366
IADPWM,6366
MEMLIT,6364
INDTPA,6354
DENMSO,6352
MSODEN,6351
DFWMOB,6349
TPAIND,6347
BNAMSP,6344
IADGSO,6341
PWMIAD,6337
SDFDTW,6336
BDLMSP,6329
MCIBWI,6327
MSPSNA,6325
SNAMSP,6325
CVGAZO,6318
AZOCVG,6316
RNODFW,6315
CLTMCI,6310
SATLAX,6309
DFWRNO,6309
ELPABQ,6307
LAXSAT,6307
BOSPHX,6305
TULPHX,6302
RICDFW,6302
IADSYR,6300
ORFDFW,6299
DFWRIC,6299
DFWORF,6298
PHXBOS,6298
CVGMHT,6282
MHTCVG,6282
PHXTUL,6279
CVGMIA,6278
MOBDFW,6277
BOIRNO,6274
MSPBDL,6272
ABQELP,6271
CLEBDL,6268
MSYDEN,6255
SYRIAD,6255
HOUELP,6255
CIDCVG,6249
CVGCID,6249
PDXBOI,6246
BOIGEG,6246
DENELP,6245
OMASLC,6244
DENMSY,6243
BUFPHL,6242
ELPDEN,6239
SLCOMA,6239
OGGKOA,6239
IAHSJC,6238
SJCIAH,6235
RNOBOI,6229
RDUCLE,6227
CLERDU,6222
MSPTPA,6211
TPAMSP,6207
MCIMEM,6204
MSYMIA,6203
MIAMSY,6202
BOSCMH,6188
IAHONT,6181
ONTIAH,6180
ABEATL,6180
FLLISP,6180
ISPFLL,6175
BWIIND,6174
MSPRAP,6174
IAHLRD,6170
RAPMSP,6169
LRDIAH,6168
DENBIS,6165
BISDEN,6156
PHXTPA,6155
TPAPHX,6154
INDBWI,6152
DFWJFK,6143
GEGBOI,6134
BOIPDX,6134
CAEDFW,6133
BWIROC,6132
ROCBWI,6127
SDFEWR,6125
EVVCVG,6119
MEMMKE,6115
ATLABE,6109
CVGEVV,6107
MKEMEM,6104
JACDEN,6101
IYKLAX,6100
DFWCAE,6100
LASMIA,6099
MIALAS,6097
MSPGFK,6094
GFKMSP,6094
LAXCLE,6084
BTVORD,6083
LAXIYK,6068
PSPDEN,6068
CLELAX,6062
MEMMCI,6060
JFKDFW,6057
DENPSP,6043
SFOCVG,6041
CVGSFO,6034
ATLPIA,6033
IADMDW,6030
SATCVG,6027
MCITUL,6022
DCAPHX,6019
CVGSAT,6019
PHXDCA,6018
ORDBTV,6015
MDWIAD,6013
BOSMDW,6010
ABEORD,6007
CLEPVD,6006
ORDABE,6005
MDWBOS,6004
ATLDSM,6002
PVDCLE,5989
DENJAC,5986
ATLFWA,5980
TULMCI,5971
GSPEWR,5971
EWRGSP,5967
CVGOMA,5965
OMACVG,5963
CMHBOS,5963
ATLMEI,5962
EWRSDF,5948
SDFCLE,5945
LIHLAX,5941
LAXLIH,5938
DSMATL,5937
CLTJFK,5935
CRWCVG,5934
PIAATL,5929
SAVEWR,5928
IAHGSO,5928
EWRSAV,5927
GSOIAH,5926
CLTCMH,5926
ATLPWM,5923
CVGCRW,5917
FWAATL,5917
DTWROC,5906
ALBMCO,5905
ROCDTW,5905
MCOALB,5905
MHTCLT,5904
JFKCLT,5899
MEIATL,5892
CLTMEM,5886
MEMCLT,5886
CLESDF,5884
DFWPBI,5877
CVGSEA,5874
CVGCHA,5869
CHACVG,5869
CVGCHS,5864
CMHPHL,5863
CHSCVG,5862
PBIDFW,5861
ABECLE,5860
CVGHSV,5859
CLEABE,5859
CLTMHT,5857
SWFORD,5853
MSPPIT,5845
ORDSWF,5844
CMHCLT,5835
ORDSAV,5826
STLLIT,5820
AUSSJC,5819
SJCAUS,5817
CVGSYR,5815
ALBCVG,5812
MCOBUF,5808
BUFMCO,5802
ORFIAH,5800
IAHORF,5798
HSVCVG,5798
PWMATL,5797
SYRCVG,5797
IADPHX,5789
PHXIAD,5788
CVGALB,5784
DCAPBI,5774
PBIDCA,5758
ATLLYH,5745
SAVORD,5743
CLEJFK,5741
INDCVG,5737
EWRSLC,5729
MIAMSP,5721
SLCEWR,5720
CLESYR,5720
MSPMIA,5719
SMFIAH,5716
IAHSMF,5715
EGEDEN,5712
CVGIND,5712
DENEGE,5711
SYRCLE,5711
CLECMH,5701
MSPBIL,5698
BILMSP,5698
MDWRSW,5693
RSWMDW,5692
RDMSFO,5690
SFORDM,5689
SLCPSP,5689
LYHATL,5688
PSPSLC,5688
RICLGA,5683
BNAMEM,5679
LGARIC,5677
ATLCHO,5661
DENSGF,5659
ATLEYW,5653
RICCLE,5650
INDLGA,5637
LGAGSO,5633
PHLDCA,5630
LGAIND,5622
CVGOKC,5618
OKCCVG,5617
TPARDU,5616
CAKLGA,5612
LGACAK,5610
RDUTPA,5610
TULSLC,5598
CHOATL,5597
MEMTPA,5597
ANCMSP,5596
MSPANC,5596
TPAMEM,5595
TPAISP,5594
PHLALB,5593
SLCTUL,5584
SNAEWR,5579
MDWBDL,5578
ISPPBI,5575
CLEROC,5572
MEMBNA,5571
PHLSAN,5571
SANPHL,5568
ROCCLE,5567
EWRDAY,5566
ISPTPA,5563
PBIISP,5561
PHXYUM,5558
PHXLGB,5558
YUMPHX,5557
LGBPHX,5556
DAYEWR,5556
SFOMDW,5554
MDWSFO,5548
DTWTVC,5546
TVCDTW,5545
MHTTPA,5531
PITMSP,5528
CVGPVD,5522
TPAMHT,5518
FLGPHX,5511
PHXFLG,5511
SLCBUR,5509
SEACVG,5508
BURSLC,5507
PVDCVG,5503
CMHCLE,5497
ALBPHL,5495
DCADEN,5491
DENDCA,5487
MEMSAT,5486
ATLSBN,5481
CLETPA,5472
CLERIC,5469
ATLLFT,5468
TPACLE,5468
ORDRSW,5467
RSWORD,5466
CAKORD,5459
ELPLAS,5457
ORFCVG,5456
ORDCAK,5453
BDLMDW,5443
SATMEM,5442
SBNATL,5437
JFKCLE,5437
LASELP,5437
BOSSEA,5431
SEABOS,5427
LFTATL,5427
CVGPHX,5422
OAKORD,5411
RSWIAH,5411
PHLIND,5404
SFOBFL,5403
IAHRSW,5400
GSOLGA,5399
BFLSFO,5395
PHLBUF,5393
RICJFK,5391
LGAPHF,5391
JFKBUR,5388
PHFLGA,5387
BURJFK,5382
PHXPSP,5377
PSPPHX,5373
JFKRIC,5371
BNAMSY,5367
ATLSMF,5359
LAXMSY,5358
SMFATL,5357
MSYLAX,5352
SAVCVG,5347
MSYBNA,5338
PSPDFW,5337
RDUMSP,5336
DFWPSP,5335
MSPRDU,5332
CVGSAV,5330
ATLONT,5329
JAXDTW,5328
DENPSC,5327
DTWJAX,5324
ORDOAK,5321
ONTATL,5321
PSCDEN,5316
STLOKC,5291
SAVLGA,5284
BPTIAH,5284
RSWBWI,5282
IAHOAK,5282
OKCSTL,5281
OAKIAH,5281
ABQOAK,5275
SEAPHL,5274
IAHBPT,5274
LGBLAS,5271
ABQMCI,5271
BNADCA,5270
LASLGB,5269
CVGFLL,5268
LGASAV,5266
OAKABQ,5265
HOUABQ,5261
DFWLEX,5257
BWIRSW,5256
PHLSEA,5255
LGAPWM,5254
LEXDFW,5248
ABQHOU,5246
AEXATL,5246
DENJFK,5245
JFKDEN,5245
BZNMSP,5244
MSPBZN,5243
IAHRIC,5239
ATLAEX,5236
EWRSNA,5235
DTWGSP,5233
GSPDTW,5232
ILEDFW,5231
ORDABQ,5230
RICIAH,5228
GRRDFW,5227
DFWGRR,5225
ABQORD,5225
LGBDFW,5222
DFWILE,5219
DENMKE,5218
PWMLGA,5218
DFWLGB,5215
CVGRSW,5213
MCIABQ,5210
RSWCVG,5207
BWIPHL,5203
OMAEWR,5198
JAXTPA,5197
CVGTUL,5196
EWROMA,5193
CVGORF,5179
MSPGEG,5175
GEGMSP,5175
PHXSBA,5173
SBAPHX,5172
FATPHX,5167
BWIPIT,5167
SGFDEN,5167
TULCVG,5160
PHXFAT,5160
EYWATL,5153
TPALAS,5148
FLLPIT,5148
PITBWI,5147
LASTPA,5144
DCABNA,5137
RICPHL,5136
PHXCVG,5129
CLLIAH,5128
SMFMSP,5125
MSPSMF,5125
COSPHX,5122
RSWIND,5121
PHXCOS,5121
GSODTW,5120
DTWGSO,5118
CVGROC,5118
PHLIAD,5118
MCOLAS,5116
IAHCLL,5116
IADPHL,5115
INDRSW,5113
TPAJAX,5108
PHLRIC,5108
DCAMDW,5103
MKEDEN,5103
MDWDCA,5102
LASMCO,5095
JFKJAX,5090
AUSCVG,5089
ROCCVG,5088
JAXJFK,5088
JFKMSP,5083
MSPJFK,5082
JNUSIT,5073
CVGAUS,5065
PHLBWI,5061
FLOATL,5060
IADPVD,5039
PVDIAD,5038
MSPBOI,5034
BOIMSP,5034
ATLTOL,5025
AUSBNA,5019
IAHGSP,5013
ATLFLO,5008
GSPIAH,5007
DFWSAV,5001
CVGMSN,5001
MSNCVG,5000
TOLATL,4991
BHMBNA,4990
DCAPHL,4984
BNABHM,4979
IADBTV,4967
FLLCVG,4960
BNAAUS,4960
SAVDFW,4949
STLMIA,4946
MIASTL,4945
CODSLC,4935
SJUIAD,4916
SJCMSP,4914
SLCCOD,4913
MSPSJC,4912
BTVIAD,4907
HDNDEN,4904
ROAORD,4902
DENHDN,4897
SBADEN,4892
LAXMEM,4891
CLEMIA,4873
BNAMIA,4860
MIABNA,4859
GRKIAH,4855
MIACLE,4851
IAHGRK,4850
SEASTL,4845
STLSEA,4844
GRBCVG,4843
CVGGRB,4842
BHMLGA,4823
CHSDFW,4823
IADCMH,4814
CMHIAD,4813
RSWDFW,4811
DFWRSW,4810
SEAFAI,4808
FAISEA,4808
MCOORF,4791
SLCSBA,4788
SBASLC,4782
ATLTUS,4772
TUSATL,4771
CMHTPA,4769
DFWMLU,4768
TPACMH,4768
MEMMIA,4765
DTWMDT,4763
MDTDTW,4763
DTWAZO,4755
AZODTW,4755
STLMEM,4751
ATLSJC,4751
SJCATL,4746
DCARSW,4744
TRICVG,4739
TPABHM,4738
RSWDCA,4737
CVGTRI,4734
CLTSJU,4732
CLTMDT,4730
MLUDFW,4725
ORFBOS,4721
SJUCLT,4720
ORFMCO,4718
BHMTPA,4717
MDTCLT,4715
DFWCHS,4713
SFOSTL,4698
OMEANC,4697
STLSFO,4696
MKEPHX,4687
CVGROA,4686
PHXMKE,4684
PITFLL,4674
IADHPN,4673
IAHMLU,4672
MLUIAH,4668
ATLAVP,4664
MIAMEM,4663
MSPRST,4662
ROACVG,4658
ANCOTZ,4655
MCORSW,4650
RSWMCO,4648
ABECVG,4642
ALBCLT,4639
ORDROA,4638
AVPATL,4634
IAHSAV,4632
SAVIAH,4631
IADMDT,4629
SPIORD,4626
ORDSPI,4619
ALBIAD,4599
JFKPWM,4598
RSTMSP,4596
IADALB,4594
PWMORD,4592
AUSEWR,4590
VPSIAH,4589
IAHVPS,4588
BOSORF,4585
PHLORF,4584
ATLATW,4582
EWRAUS,4580
PWMJFK,4580
DCAIND,4576
FATDFW,4573
DFWFAT,4572
ORDPBI,4569
PBIORD,4568
ORDPWM,4564
JFKSTL,4557
LAXIND,4553
PWMCVG,4550
STLJFK,4548
DFWFWA,4548
CVGABE,4547
FWADFW,4547
LFTDFW,4544
INDLAX,4540
ORDCHA,4536
CHAORD,4532
CLTALB,4530
DFWLFT,4521
DENSBA,4507
MEMSTL,4498
MDTIAD,4498
DCAJAX,4497
ORDELP,4489
ELPORD,4488
CVGPWM,4482
BUFCVG,4479
DSMMSP,4460
DTWSAN,4454
JAXDCA,4453
CVGBUF,4452
SANDTW,4451
CLTSTL,4451
STLCLT,4450
CVGMSY,4446
ATWATL,4441
SITJNU,4439
BOSSLC,4435
SRQCVG,4435
CVGSRQ,4433
DAYIAH,4432
SLCBOS,4431
MCOSLC,4428
SLCMCO,4427
PHXGEG,4423
GEGPHX,4423
BOILAS,4413
IAHDAY,4413
SFOONT,4409
BWIDAY,4406
LASBOI,4405
DAYBWI,4404
DFWHNL,4398
MEMBHM,4397
CLEMEM,4395
INDDCA,4395
ONTSFO,4395
HNLDFW,4392
PHLBNA,4391
HPNCLE,4382
CLEHPN,4381
BNAPHL,4381
ABQMCO,4373
MSPDSM,4372
MEMCLE,4369
MCOABQ,4368
ORFJAX,4366
SANBNA,4360
BNASAN,4356
JAXORF,4354
ATLISP,4353
JFKMSY,4349
BHMHOU,4348
HOUBHM,4348
FLLBDL,4347
MSYJFK,4347
MSYCVG,4346
BGRCVG,4345
BDLFLL,4345
CVGBGR,4342
CVGPDX,4341
MCIOAK,4334
PDXCVG,4332
RICDTW,4331
DTWRIC,4330
IADSJU,4325
GPTMEM,4324
MEMGPT,4324
IAHHNL,4319
EWRCAE,4319
HNLIAH,4318
SGULAX,4318
CAEEWR,4317
LGABHM,4317
ORFPHL,4316
LAXSGU,4314
LBBAUS,4312
TUSABQ,4309
OAKMCI,4308
HNLPHX,4307
SDFMSP,4305
CVGPBI,4303
PBICVG,4303
PHXHNL,4302
ABQTUS,4298
FLLSTL,4291
STLFLL,4290
JANMDW,4286
ABQMSP,4285
MSPABQ,4284
AUSLBB,4282
MDWJAN,4280
SATBWI,4279
BWIAUS,4278
BWISAT,4277
BHMMEM,4276
BWIJFK,4273
MDWBHM,4264
HRLSAT,4257
AUSBWI,4257
JFKIAH,4255
IAHJFK,4253
ORDHNL,4251
HNLORD,4249
BWIJAN,4249
OTZOME,4241
ISPATL,4238
BHMMDW,4233
MSPRSW,4228
RSWMSP,4228
JANBWI,4227
FLLLAS,4215
LASFLL,4214
ORDCWA,4211
CWAORD,4211
DENFLL,4210
FLLDEN,4201
COSMSP,4196
MSPCOS,4195
DSMIAH,4194
IAHDSM,4192
HPNIAD,4183
SATHRL,4182
MCIIND,4176
BHMSDF,4174
LGAMSY,4169
MSYLGA,4168
SDFBHM,4165
JFKBWI,4152
CMHDCA,4151
SLCPHL,4147
CVGSAN,4145
SANCVG,4145
INDMCI,4145
MSPSDF,4144
PHXMEM,4143
MEMPHX,4142
PHLSLC,4136
CVGAVP,4133
STTMIA,4119
ADQANC,4117
MIASTT,4116
CMHBNA,4111
AVPCVG,4103
CMHSTL,4093
INDPHL,4089
DFWAEX,4087
PITLAX,4078
STLCMH,4077
BNACMH,4075
AEXDFW,4074
DTWMSY,4067
HOUMAF,4064
CLEFLL,4063
OAKATL,4062
ATLOAK,4061
MCOCMH,4058
HSVORD,4050
ORDHSV,4049
SATDTW,4049
ORDAVP,4048
MAFHOU,4044
CVGCHO,4037
CHOCVG,4037
FLLCLE,4028
MSYDTW,4024
ANCADQ,4021
BNAJFK,4019
IADTYS,4017
TYSIAD,4014
DTWSAT,4005
BOSLGB,4004
AVPORD,3998
BTRMEM,3994
MEMBTR,3994
PNSCLT,3993
CAELGA,3993
LGACAE,3992
CLTPNS,3991
SATEWR,3990
EWRSAT,3985
LAXPIT,3983
MDTCLE,3981
CLEMDT,3979
LGBBOS,3978
EWRBHM,3974
IAHLEX,3973
MCOMKE,3973
MCOSAT,3969
MKEMCO,3969
SLCEUG,3969
CMHMCO,3968
SFOKOA,3964
KOASFO,3964
EUGSLC,3959
LEXIAH,3959
BHMEWR,3957
BOIPHX,3957
PHXBOI,3956
ABEDTW,3954
DTWABE,3953
SATMCO,3952
BHMMCO,3940
PVDPHX,3921
PHXPVD,3921
SANBWI,3920
LGAXNA,3917
CLEORF,3916
XNALGA,3915
IAHGRR,3914
GRRIAH,3911
PHLSYR,3908
PITSFO,3907
CLERSW,3904
ANCORD,3903
ORDANC,3902
BWISAN,3896
RSWCLE,3893
HOUTPA,3890
TPAHOU,3889
DTWLEX,3885
LEXDTW,3882
MSYPHX,3880
PHXMSY,3877
MCOBHM,3877
SEAMCO,3871
MCOSEA,3870
IADROA,3866
DENCMH,3862
DCASEA,3854
SEADCA,3854
JFKBNA,3853
RNOORD,3846
ORDRNO,3845
LIHSFO,3843
SFOLIH,3843
JANCVG,3824
SFOPIT,3816
ACVSMF,3813
JFKSJC,3813
SJCJFK,3809
INDIAD,3808
EWRDAB,3808
DABEWR,3808
CVGJAN,3798
DENEUG,3797
PBIDTW,3794
COSATL,3794
DTWPBI,3793
ATLCOS,3793
EUGDEN,3789
SMFACV,3781
SATMSP,3770
MSPSAT,3769
HNLLAS,3765
CVGHPN,3760
HPNCVG,3760
CRWORD,3759
IADCRW,3758
ORDCRW,3758
CRWIAD,3758
LASHNL,3757
RDUCMH,3754
EWRTYS,3747
ATLCRP,3743
BHMDTW,3734
MDWCLT,3733
CIDDEN,3731
CRPATL,3731
CLTMDW,3730
LSEMSP,3729
MSPLSE,3728
TYSEWR,3727
AMAABQ,3725
CDCSLC,3720
ORFCLE,3720
ABQAMA,3719
BUFMDW,3716
SLCCDC,3715
SYRPHL,3714
SLCSAT,3710
SLCANC,3708
ANCSLC,3708
MSPGTF,3701
MDWBUF,3700
GTFMSP,3699
AUSMAF,3698
MSNCLE,3690
CLEMSN,3689
MAFAUS,3683
TPALAX,3681
LAXTPA,3677
IADIND,3671
DCABUF,3663
MSOMSP,3663
MSPMSO,3660
CLTSYR,3657
CMHMEM,3653
SYRCLT,3647
BOSBTV,3644
BTVBOS,3643
PHLMEM,3635
PHFBOS,3635
BOSPHF,3633
CHSIAH,3632
CMHRDU,3631
IADSLC,3630
SLCIAD,3623
IAHCHS,3617
JFKCMH,3616
CMHDEN,3616
DTWTYS,3614
DTWBHM,3613
BWISLC,3609
SLCBWI,3607
RDUMEM,3603
MEMCMH,3603
MEMRDU,3601
ROAIAD,3601
RICBOS,3599
SWFATL,3597
ATLSWF,3597
SATSLC,3596
BOSRIC,3596
MEMPHL,3588
AUSMSP,3575
MSPAUS,3575
PWMBOS,3570
ATLELP,3566
PSPSEA,3566
ELPATL,3564
SGFCVG,3561
CVGABQ,3560
CVGSGF,3558
BOSPWM,3558
ABQCVG,3553
PDXEWR,3551
ORDFNT,3548
EWRPDX,3545
FNTORD,3545
SEAOGG,3537
AUSJFK,3534
JFKAUS,3531
SEAPSP,3525
MSYIAD,3516
SLCAUS,3515
CMHJFK,3513
FLLPHX,3510
PHXFLL,3507
EWRAVL,3505
AVLEWR,3505
AUSSLC,3499
MDWABQ,3498
ABQMDW,3498
MSYDCA,3483
MSYMSP,3465
MSPMSY,3462
LASRDU,3453
MIAPIT,3447
RDULAS,3445
PITMIA,3441
DCAMSY,3435
DCACMH,3433
DCAHSV,3431
KOAOGG,3430
HSVDCA,3423
CAEIAH,3414
DENCID,3414
IAHCAE,3413
IADMSY,3410
EWRGRR,3400
ANCPDX,3392
PDXANC,3391
SANSTL,3385
GRREWR,3384
STLSAN,3384
HPNMCO,3371
MCOHPN,3366
MYRCVG,3365
CVGMYR,3365
PDXHNL,3363
HNLPDX,3360
DFWGPT,3355
CVGFSD,3353
FSDCVG,3352
GPTDFW,3351
BHMDEN,3347
PHXBFL,3338
BFLPHX,3338
PSPORD,3337
ORDPSP,3332
CVGBTV,3329
OMAMEM,3329
BTVCVG,3329
CVGXNA,3328
ORDBOI,3326
CRWIAH,3326
IAHCRW,3325
CVGLIT,3324
CVGSCE,3323
DENBHM,3322
SCECVG,3319
MEMOMA,3318
BOIORD,3318
STLRDU,3301
FAIBRW,3301
BRWFAI,3300
RDUSTL,3299
LITCVG,3276
BNAPVD,3268
IAHSJU,3267
SJUIAH,3265
FLLBNA,3264
BNAFLL,3263
PVDBNA,3259
XNACVG,3259
TLHIAH,3255
IAHTLH,3254
ROCPHL,3253
ACVCEC,3240
SANAUS,3228
TPAMCI,3217
AUSSAN,3214
GUCDEN,3209
SBPPHX,3208
PHXSBP,3208
DENGUC,3207
CECACV,3202
SGFMEM,3202
MEMSGF,3202
SANMCI,3199
MCISAN,3195
BOSOAK,3189
OAKBOS,3187
ATLSGF,3185
CLEBTV,3185
ATLHNL,3182
MCITPA,3181
HNLATL,3181
GSPCLE,3179
CLEGSP,3177
GEGLAS,3174
STLABQ,3172
DTWSBN,3167
SLCDTW,3167
LASGEG,3166
SBNDTW,3164
DTWSLC,3163
MFRSLC,3161
SLCMFR,3160
BTVCLE,3160
GSPLGA,3151
LGAGSP,3150
ABQSTL,3146
MSYFLL,3145
BNASAT,3144
FLLMSY,3142
STTSJU,3139
SGFATL,3136
SATBNA,3130
CLTSAN,3128
PHXGJT,3125
SANCLT,3124
GJTPHX,3119
IAHPSP,3117
PSPIAH,3117
ANCDEN,3108
DENANC,3105
CIDMSP,3099
MSPCID,3097
EWRXNA,3091
XNAEWR,3091
DTWOMA,3089
OMADTW,3088
LAXIPL,3087
MEMOKC,3081
CLTSRQ,3080
SRQCLT,3080
PHLROC,3078
DENMSN,3076
SRQEWR,3075
IPLLAX,3074
SLCRDM,3074
EWRSRQ,3070
FNTMCO,3069
MCOFNT,3069
IAHRNO,3068
RDMSLC,3068
RNOIAH,3066
BWIMEM,3057
AVLCVG,3054
IADHSV,3053
HSVIAD,3052
FNTCVG,3050
CVGFNT,3045
XNAMEM,3044
MEMXNA,3040
AUSMEM,3034
MEMAUS,3033
BWIMKE,3024
MEMJAN,3024
MKEBWI,3024
JANMEM,3018
CVGAVL,3012
DENMLI,3001
DFWMSN,2999
MSNDFW,2999
OAKBOI,2989
BOIOAK,2983
ROCMCO,2979
MCOROC,2978
SFOBWI,2941
CECSFO,2938
AUSCLE,2933
TYSMEM,2931
CLEAUS,2929
DTWHPN,2927
HPNDTW,2927
FLLIND,2926
MCIPHL,2926
INDFLL,2925
MIAIND,2924
INDMIA,2923
MEMBWI,2921
SFOCEC,2916
BOSCAK,2906
CAKBOS,2905
TPASJU,2894
SJUTPA,2893
TYSDTW,2885
MEMFLL,2885
FLLMEM,2885
RSWSTL,2877
STLRSW,2875
FLLMSP,2875
MSPFLL,2871
OKCMEM,2858
OAKGEG,2844
GEGOAK,2838
MODLAX,2824
MSNDEN,2823
DENGTF,2820
GTFDEN,2816
BUFDCA,2812
BDLPIT,2808
LAXMOD,2805
DENXNA,2786
SJCMDW,2782
XNADEN,2781
HTSCVG,2781
OKCEWR,2781
HNLMSP,2780
MSPHNL,2779
EWROKC,2779
ABQLBB,2779
LBBABQ,2777
ROCCLT,2776
CLESFO,2776
MAFABQ,2771
MDWSJC,2769
SFOCLE,2769
TYSCLE,2756
ABQSEA,2755
CVGHTS,2754
SLCLWS,2752
LWSSLC,2745
PITBDL,2745
SEAABQ,2743
MDWSRQ,2738
SRQMDW,2738
ATLSTT,2731
STTATL,2731
PHLMCI,2723
SDFMEM,2720
CLETYS,2705
MEMSDF,2702
CLTROC,2700
PVDPIT,2695
EVVDTW,2680
DTWEVV,2680
MSPBUF,2672
BHMCLT,2664
DFWPIA,2664
CLTBHM,2663
PIADFW,2661
MDWSLC,2658
PHLHOU,2653
EFDIAH,2649
IAHEFD,2647
PWMDTW,2644
DTWPWM,2643
BNAISP,2642
BDLPBI,2641
PBIBDL,2641
ISPBNA,2639
BUFMSP,2630
BQNJFK,2615
CVGERI,2615
ERICVG,2615
SLCMDW,2615
JFKBQN,2614
DENCAK,2611
CAKDEN,2608
DTWFWA,2598
FWADTW,2598
SNASTL,2598
STLSNA,2595
BFLIAH,2587
IAHBFL,2585
MSYLAS,2582
LASMSY,2579
ACYCVG,2579
CVGACY,2578
HOUPHL,2573
PHLSTL,2565
TUSSEA,2560
SEATUS,2558
MSPTUS,2555
TUSMSP,2554
LGAHOU,2551
HOULGA,2550
ALBMDW,2545
SDFMCO,2543
DTWELM,2542
ELMDTW,2541
MCOSDF,2539
BWISFO,2537
BOSSAN,2531
SANBOS,2531
APFATL,2528
STLPHL,2527
MDWALB,2526
DAYIAD,2508
DROPHX,2507
PHXDRO,2506
IADDAY,2506
LASMEM,2503
MEMLAS,2503
JFKORF,2500
CLTSTT,2490
STTCLT,2490
TPASDF,2484
AUSMCO,2482
MCOAUS,2482
STLSAT,2481
SDFTPA,2481
SATSTL,2480
JAXBOS,2477
JNUKTN,2476
ABQSFO,2472
KTNJNU,2472
BOSJAX,2471
SFOABQ,2467
MCOGSO,2465
MSPPVD,2462
RSWPIT,2462
CLTSEA,2461
PVDMSP,2461
PHLPWM,2458
SEACLT,2456
VCTIAH,2442
ORDOGG,2439
IAHVCT,2433
MDWPDX,2432
LEXCLE,2428
CVGCOS,2425
COSCVG,2423
BUFLAS,2422
LASBUF,2421
BDLBNA,2421
PDXMDW,2419
ALBDCA,2418
BNABDL,2418
ATLAPF,2418
BGMCVG,2415
CVGBGM,2412
AUSRDU,2411
RDUAUS,2407
PWMPHL,2406
STTJFK,2405
JFKSTT,2401
DENIDA,2398
DAYDTW,2397
DTWDAY,2397
IDADEN,2394
BOILAX,2392
PITRSW,2390
MLIDEN,2382
LAXBOI,2377
JAXMEM,2377
MEMJAX,2376
BWIABQ,2375
MIABDL,2374
BDLMIA,2373
ABQBWI,2372
DCAALB,2368
HOUJFK,2368
DFWEGE,2367
JFKHOU,2366
EGEDFW,2366
SJUBWI,2363
MCILGA,2363
LGAMCI,2361
ATLOAJ,2360
HOUFLL,2360
BWISJU,2356
BDLSJU,2356
PHXMRY,2354
OAJATL,2354
MRYPHX,2353
SJUBDL,2351
ONTJFK,2347
CLEMSY,2345
FLLHOU,2337
MSYSTL,2332
STLMSY,2330
MSYCLE,2330
SLCELP,2329
SFOMCO,2328
ELPSLC,2328
CLELEX,2326
BOSGSO,2325
PIEMDW,2324
MDWPIE,2322
JFKONT,2321
MCOSFO,2318
CHOIAD,2318
IADCHO,2318
DTWDSM,2316
PDXIAD,2314
HPNPBI,2313
GTFFCA,2311
PBIHPN,2310
FCAGTF,2308
BOSBUF,2303
BUFBOS,2303
SMFLGB,2303
LGBSMF,2302
GSOBOS,2301
PITALB,2299
PHXDSM,2297
DSMPHX,2297
EKORNO,2297
DSMDTW,2293
MYRIAD,2287
IADMYR,2286
DTWERI,2285
ERIDTW,2285
SMFIAD,2284
SYRDCA,2284
MKEPIT,2280
IADSMF,2278
CLEPBI,2275
RNOEKO,2269
PITMCI,2269
PITMKE,2266
DCASYR,2262
HOUDEN,2258
MDWSMF,2257
SEAMEM,2255
BOSSJC,2254
MEMSEA,2254
SJCBOS,2253
SMFMDW,2253
DENMFR,2251
DENHOU,2249
IAHACT,2247
ACTIAH,2245
MFRDEN,2245
PITPVD,2244
ANCOME,2244
ILEIAH,2244
PHXOGG,2243
PBICLE,2242
ALBPIT,2241
GSOMCO,2240
LGATYS,2236
OGGPHX,2236
BNAMHT,2236
MHTBNA,2234
OGGDFW,2227
IAHILE,2226
IADPDX,2224
DFWOGG,2224
LASLIT,2221
LITLAS,2221
ORFJFK,2221
AUSIAD,2220
CVGCMI,2218
TULLAS,2217
CMICVG,2217
LASTUL,2217
MCIPIT,2216
CVGSHV,2213
MCOJAN,2208
TYSLGA,2205
JANMCO,2205
PDXABQ,2204
ABQPDX,2204
OTZANC,2202
MEMTYS,2202
SJCIAD,2199
IAHAVL,2198
ONTMSP,2198
AVLIAH,2198
CAKMCO,2198
MCOCAK,2197
MSPONT,2196
JAXIND,2195
ELPSAN,2194
MAFLAS,2194
AUSTPA,2194
TPAAUS,2193
AUSHRL,2193
EWRHNL,2193
LASLBB,2193
HNLEWR,2193
SANELP,2193
LASMAF,2193
BHMSTL,2193
BHMLAS,2193
LASAMA,2193
ABQMAF,2193
MCIPDX,2192
BWILIT,2192
AMALAS,2192
ORFLAS,2192
TPAABQ,2192
LITBWI,2192
BHMPHX,2192
HOULIT,2192
LASSDF,2192
BUFPHX,2192
SATTPA,2192
BHMJAX,2192
ALBLAS,2192
LASBHM,2192
PDXMCI,2192
LASALB,2192
HRLAUS,2192
PHXBHM,2192
LBBLAS,2192
JAXBHM,2192
INDJAX,2192
HNLSLC,2192
STLBHM,2192
SLCHNL,2192
BNAONT,2191
PHXSDF,2191
LITMDW,2191
PNSMEM,2191
TPASAT,2191
PHXBUF,2191
LASORF,2191
MEMPNS,2191
KTNSIT,2191
ONTBNA,2191
ABQTPA,2191
MCISEA,2191
LITHOU,2191
SDFLAS,2191
SDFPHX,2191
SEAMCI,2190
SEABNA,2190
IADSJC,2190
BNASEA,2190
MDWLIT,2190
OAKBNA,2189
BNAOAK,2189
SITKTN,2188
LASDCA,2187
SATCLE,2186
MEMPFN,2186
PFNMEM,2186
DCALAS,2186
PHFMCO,2186
MEMTUL,2185
MOBMEM,2185
MEMICT,2185
TULMEM,2185
MCOPHF,2185
MEMMOB,2185
ICTMEM,2183
TLHMEM,2182
MEMTLH,2182
PSGJNU,2180
KTNWRG,2180
MEMSHV,2180
LBBELP,2180
WRGPSG,2180
SHVMEM,2180
PSGWRG,2179
CDVANC,2179
ELPLBB,2179
YAKCDV,2179
GEGORD,2179
JNUPSG,2179
JNUYAK,2179
CDVYAK,2178
YAKJNU,2178
WRGKTN,2178
ORDGEG,2178
MEMMGM,2176
MGMMEM,2176
ANCCDV,2176
DFWMGM,2176
GSPMEM,2169
MEMGSP,2168
TYRIAH,2166
MEMHSV,2164
TULEWR,2163
DENHNL,2162
HNLDEN,2161
HSVMEM,2161
IAHTYR,2160
FLLLGB,2158
SLCBFL,2153
DCASLC,2151
SLCDCA,2151
SHVCVG,2150
BFLSLC,2149
LGBFLL,2148
CLESAT,2147
PHXICT,2147
ICTPHX,2147
MIACMH,2140
EWRTUL,2139
CMHMIA,2136
LASISP,2134
OGGLIH,2133
SMFMCI,2132
CLTABE,2132
MCISMF,2132
ABECLT,2132
ISPLAS,2131
MGMDFW,2130
EWRMSN,2128
MSNEWR,2127
ANCSCC,2126
BGRLGA,2116
LGABGR,2114
DAYMCO,2106
MCODAY,2105
OAKHOU,2105
MSPJAX,2103
JAXMSP,2101
BDLPHX,2090
PHXBDL,2088
STXMIA,2087
HOUOAK,2087
MIASTX,2086
GSOMEM,2077
MEMGSO,2076
ABEIAD,2075
SEAMIA,2074
MIASEA,2074
EWRBQN,2074
IADABE,2074
BQNEWR,2074
SJUSTT,2070
SCEIAD,2069
IADSCE,2068
MLICVG,2067
CVGMLI,2065
MCIRDU,2065
RDUMCI,2063
LITPHX,2061
PHXLIT,2061
EWRMYR,2058
MYREWR,2058
SEAPSC,2058
BDLLAS,2054
LASBDL,2054
MKELAS,2046
LASMKE,2043
PSCSEA,2041
SMFHNL,2036
HNLSMF,2033
SCCANC,2028
RNOMSP,2027
MSPRNO,2026
MSPMLI,2018
LANMSP,2015
MDWSAT,2014
IAHMGM,2014
MGMIAH,2013
CAKDTW,2010
MLIMSP,2010
DTWCAK,2010
DTWBTV,2004
BTVDTW,2004
CHAIAH,2003
IAHCHA,2003
SATMDW,2001
HPNFLL,2000
FLLHPN,2000
BUFTPA,1999
TPABUF,1998
GRRLGA,1993
LGAGRR,1991
ATLTUP,1983
ORFMDW,1983
PITMEM,1982
MEMPIT,1979
MDWORF,1978
SANPIT,1974
MSPLAN,1974
IADAUS,1972
TUPATL,1971
SANHNL,1968
HNLSAN,1967
DTWCID,1964
SJCHNL,1964
EWRBGR,1963
CIDDTW,1962
BGREWR,1962
PITSAN,1962
GEGLAX,1961
LAXGEG,1957
AUSMDW,1950
MHTLAS,1950
MDWAUS,1949
LASMHT,1947
EWRLEX,1945
RICMIA,1945
BURPDX,1945
PDXBUR,1943
MIARIC,1943
MSYJAX,1941
MSYBWI,1940
JAXMSY,1939
BWIMSY,1938
DTWATW,1935
ATWDTW,1934
BUFPIT,1931
PDXONT,1927
MCOSWF,1926
SWFMCO,1926
MIAMDW,1926
MDWMIA,1925
ONTPDX,1924
LAXXNA,1916
ISPBOS,1915
XNALAX,1915
CVGISP,1914
BOSISP,1911
PDXDTW,1908
DTWPDX,1908
ISPCVG,1905
OGGSEA,1905
JFKPDX,1895
TPAGPT,1891
GPTTPA,1891
MBSMSP,1891
MEMDSM,1888
PDXJFK,1888
SWFIAD,1886
IADSWF,1885
INDBOS,1877
LGAPHL,1877
BOSIND,1876
PHLJFK,1875
PITIND,1872
PITBUF,1870
MSPFNT,1868
MDWTUS,1865
MIAPHX,1859
TUSMDW,1859
MSPMBS,1859
SFOCOS,1859
PHXMIA,1858
HTSATL,1858
DENDAY,1857
ATLHTS,1857
LEXEWR,1856
COSSFO,1856
ANCLAX,1856
BOSMEM,1853
LAXANC,1853
MEMBOS,1853
DAYDEN,1845
ATLMSN,1841
BTVATL,1838
FLLGPT,1837
GPTFLL,1837
JFKSMF,1836
DCAMHT,1834
ATLBTV,1833
HHHATL,1833
ATLHHH,1832
SMFJFK,1829
VISFAT,1828
FATVIS,1827
DSMMEM,1826
PHLEWR,1819
EWRPHL,1818
CHSDCA,1817
SYRPIT,1813
MHTDCA,1811
MLIDFW,1807
PITPBI,1807
DFWMLI,1806
FNTMSP,1804
MSNATL,1797
LEXLGA,1794
LGALEX,1791
IAHMTJ,1790
MTJIAH,1790
MKEPHL,1789
PITSEA,1789
OMEOTZ,1787
PHLMKE,1787
GSOPHL,1787
LITEWR,1786
PBIPIT,1785
MLIDTW,1785
CAKTPA,1785
TPACAK,1784
JFKPHL,1784
SDFIAD,1780
IADSDF,1780
DTWMLI,1775
SEAPIT,1774
HNLSJC,1770
BTVPHL,1769
SFOAUS,1767
AUSSFO,1760
EWRLIT,1756
SLCTPA,1754
TPASLC,1753
MAFELP,1747
ELPMAF,1746
DCACHS,1740
INDPIT,1738
SWFCVG,1734
PIEIND,1734
CVGSWF,1733
INDPIE,1733
SBADFW,1730
SJTIAH,1728
MEMSFO,1724
SFOMEM,1724
IAHSJT,1723
BHMDAL,1722
DFWSBA,1720
DCAMCI,1714
MDWCVG,1706
OKCLAS,1703
CVGMDW,1703
LASOKC,1703
PHLSTT,1702
DALBHM,1697
PHXANC,1696
ANCPHX,1695
CODDEN,1693
DENCOD,1691
CMHMKE,1684
CVGHVN,1683
MKECMH,1683
HVNCVG,1682
KOASEA,1676
LAXDCA,1669
DCALAX,1668
GRKATL,1660
BGMIAD,1646
IADBGM,1645
PHLBTV,1643
IAHABI,1632
ABIIAH,1632
PITSYR,1630
WYSSLC,1629
OKCDTW,1628
ATLGRK,1626
MRYSLC,1618
SLCWYS,1617
CLEISP,1615
ISPCLE,1615
SLCMRY,1612
SRQDTW,1604
DTWSRQ,1604
BGRDTW,1599
DTWBGR,1599
MEMEVV,1597
EVVMEM,1596
SANOGG,1595
OGGSAN,1593
SLCFLL,1583
FLLSLC,1578
MKEMSN,1577
DTWMYR,1576
MYRDTW,1576
MSNMKE,1572
BWIPWM,1570
PWMBWI,1569
GRBMQT,1568
MQTGRB,1568
DENRFD,1558
RFDDEN,1556
MIATLH,1553
MHTLGA,1551
DCALEX,1549
FNTTPA,1547
TPAFNT,1547
LEXDCA,1545
LGAMHT,1544
MDTPIT,1531
RDUJAX,1530
JAXRDU,1529
LAXMKE,1523
MKELAX,1521
DTWROA,1520
ROCTPA,1519
ROADTW,1519
TPAROC,1519
ASESLC,1519
PSPMSP,1515
PITMDT,1515
MSPPSP,1515
DTWCHS,1507
PNSORD,1505
MCIDCA,1504
CHSDTW,1503
ORDPNS,1503
IPLYUM,1500
SBALAS,1497
LASSBA,1494
STTPHL,1479
ORDJAC,1473
LIHOGG,1472
EUGPHX,1471
PHXEUG,1470
SLCASE,1465
MSYSLC,1463
ATLISO,1456
DTWAVL,1455
AVLDTW,1455
YUMIPL,1454
TULDTW,1450
DTWTUL,1450
SLCMSY,1449
DTWBGM,1447
BGMDTW,1447
DTWOKC,1446
IAHTXK,1445
TXKIAH,1444
MSPLNK,1442
LNKMSP,1442
MSPTUL,1441
SWFDTW,1440
TULMSP,1440
DTWSWF,1440
ORDLGB,1438
LGBORD,1438
SATSAN,1436
FCAMSP,1435
SANSAT,1434
SNACVG,1434
HDNSLC,1431
MSPFCA,1431
CVGSNA,1429
RDUPIT,1428
AVPDTW,1424
DTWAVP,1424
MSPICT,1422
ICTMSP,1422
DTWCAE,1420
CAEDTW,1420
SLCHDN,1419
GRRMEM,1414
CHSMEM,1413
MEMGRR,1413
ANCAKN,1411
ISOATL,1411
MEMCHS,1409
CAEMEM,1407
MEMCAE,1407
RICIAD,1407
RNOSAN,1406
PITRDU,1404
GSOMIA,1403
MIAGSO,1400
MHTMSP,1395
MSPMHT,1395
ATLEWN,1392
EWNATL,1392
SANRNO,1388
ORDMQT,1386
MQTORD,1384
MHTPIT,1383
HSVDTW,1377
IADRIC,1375
MSPDAY,1375
PITMHT,1374
DTWHSV,1374
DAYMSP,1374
ITOOGG,1369
CMIDFW,1368
DFWCMI,1368
PHLGSO,1367
SFOSAT,1367
MSPXNA,1367
XNAMSP,1366
SATSFO,1363
SJCEWR,1362
JACORD,1362
INDSFO,1362
DFWTLH,1362
EWRSJC,1361
JANDTW,1360
SFOIND,1358
BTRCVG,1357
CVGBTR,1355
DTWJAN,1353
OGGPDX,1352
PDXOGG,1351
INDRDU,1342
HSVMCO,1341
RDUIND,1341
GSOJFK,1340
JFKGSO,1340
MCOHSV,1340
OKCMSP,1337
SWFFLL,1336
IADMCI,1335
MEMMLI,1334
FLLSWF,1334
DTWDLH,1333
MLIMEM,1333
DLHDTW,1332
SDFRDU,1328
RDUSDF,1328
GSPMCO,1328
STTEWR,1327
EWRSTT,1327
CLESEA,1325
MCORIC,1323
SEACLE,1322
RICMCO,1321
MSNLGA,1320
LGAMSN,1320
PHLLGA,1317
DSMLGA,1314
BOIIAH,1313
IAHBOI,1313
LGADSM,1312
JFKIND,1309
CHADFW,1309
DFWCHA,1308
PITROC,1304
INDJFK,1302
EVVDFW,1302
MRYDEN,1301
SDFMIA,1301
DFWEVV,1300
MIASDF,1299
LITSLC,1299
EWRACK,1298
ACKEWR,1298
MSPOKC,1297
DROSLC,1293
DENMRY,1293
JFKBDL,1291
SLCDRO,1291
ATLMFE,1288
BDLIAH,1285
IAHBDL,1285
AUSDTW,1281
DTWAUS,1279
DLGANC,1279
SITSEA,1276
MCIIAD,1274
PSEJFK,1271
JFKPSE,1271
PBIIAD,1265
IADPBI,1265
BDLJFK,1263
TLHDFW,1263
DCAJAN,1256
OAKHNL,1255
OGGORD,1253
HNLOAK,1250
SRQBWI,1250
BWISRQ,1249
SLCXNA,1248
XNASLC,1247
MFEATL,1246
RDUSLC,1245
GRRMKE,1245
BDLRSW,1244
RSWBDL,1244
SLCRDU,1244
MKEGRR,1244
SLCLIT,1243
FAIMSP,1241
MSPFAI,1241
IAHSRQ,1226
SATMCI,1222
MCISAT,1220
SRQIAH,1219
ICTCVG,1216
AUSSTL,1215
JAXHOU,1214
STLAUS,1214
CVGICT,1213
HOUJAX,1211
BTRORD,1207
CLEPWM,1204
ORDBTR,1204
RSWISP,1203
ISPRSW,1203
TYSDEN,1203
SRQIND,1203
PWMCLE,1203
INDSRQ,1201
DENTYS,1199
RNOATL,1198
DFWROW,1197
ATLRNO,1197
ROWDFW,1196
PVDJFK,1193
JFKPVD,1191
MKETPA,1190
TPAMKE,1189
TUSONT,1188
KOAORD,1187
SAVDTW,1185
ONTTUS,1185
DTWSAV,1184
INDBDL,1183
BDLIND,1181
HNLCVG,1177
CVGHNL,1176
MCOGSP,1174
SFOTUS,1172
TUSSFO,1171
JANDCA,1167
LASPVD,1152
PVDLAS,1151
PSPPDX,1149
PDXPSP,1148
SRQJFK,1145
JFKSRQ,1145
JACDFW,1138
DFWJAC,1134
ABQONT,1132
ATLLWB,1132
MCIPVD,1131
PVDMCI,1131
LGABUF,1129
ONTABQ,1128
CVGTLH,1127
ORFMIA,1125
MIAORF,1124
MCIAUS,1123
AUSMCI,1122
PMDSFO,1119
SFOPMD,1119
IAHANC,1119
ANCIAH,1119
GEGSMF,1118
TLHCVG,1116
SMFGEG,1114
BLISLC,1114
BUFLGA,1112
MSYPIT,1111
SANIPL,1109
SLCBLI,1108
LWBATL,1107
MKECLT,1106
CLTMKE,1105
EGEEWR,1103
EWREGE,1102
TLHMCO,1102
LAXOKC,1101
EGEORD,1101
ORDEGE,1100
IADSTL,1100
AKNANC,1100
FCADEN,1099
DENFCA,1099
DTWSNA,1099
SNADTW,1099
BQNMCO,1099
OKCLAX,1098
STLIAD,1098
MFRPHX,1096
PHXMFR,1095
ATLLAN,1094
MKERDU,1094
PITBNA,1094
RDUMKE,1085
BNAPIT,1085
LANATL,1084
CWADTW,1084
DTWCWA,1084
JFKSAV,1081
JFKSNA,1080
MCOBQN,1080
SNAJFK,1079
BMIMCO,1079
LASANC,1079
MCOBMI,1078
IPLSAN,1078
CIDATL,1077
ANCLAS,1077
PHLOAK,1075
OAKPHL,1075
JFKCHS,1072
CLDPHX,1070
PHXCLD,1069
EWRAGS,1068
AGSEWR,1068
CHSJFK,1067
SAVJFK,1067
PITMSY,1065
BOSAUS,1064
JACMSP,1064
AUSBOS,1063
MSPJAC,1062
SYRDFW,1061
ROCDFW,1060
DFWROC,1058
MDWMSY,1057
MSYMDW,1055
DFWSYR,1055
SLCOGG,1052
OGGSLC,1052
ATLCID,1051
SANFAT,1046
TYSMCO,1046
MCOTYS,1045
FATSAN,1045
ATWMKE,1034
ILMCVG,1034
ONTAUS,1032
MKEATW,1030
AUSONT,1030
CVGILM,1027
MKEBDL,1027
DSMSTL,1026
PWMDCA,1024
STLDSM,1024
RSWDEN,1023
BDLMKE,1022
ATLFSM,1022
FSMATL,1022
DENRSW,1018
TVCMQT,1018
MQTTVC,1017
INDSTL,1013
TLHMIA,1012
ORDRAP,1011
CVGPNS,1011
STLIND,1009
RAPORD,1008
ORDDAL,1007
PNSCVG,1007
HSVEWR,1006
TVCMSP,1005
DALORD,1005
MSPTVC,1004
BOIONT,1002
ONTBOI,1001
SYRMCO,997
MCOSYR,996
ATLACY,988
SMFTUS,988
ACYATL,987
HDNIAH,986
MEMCHA,986
INDMSY,986
CHAMEM,986
IAHHDN,986
MSYIND,986
TUSSMF,985
PVDRDU,983
SATONT,983
SFOMSY,982
MSYSFO,982
ONTSAT,980
RDUPVD,980
SANMSY,976
OAKMSY,976
MSYSAN,976
SLCCLE,976
MSYOAK,976
DCAPWM,975
DENHSV,974
CLESLC,973
ANCDLG,973
HSVDEN,973
ONTGEG,967
GEGONT,966
SJUMDW,966
EWRHSV,966
OGGOAK,965
DTWPIA,965
MDWSJU,965
PIADTW,964
OAKOGG,964
CVGVPS,961
FLLTLH,961
VPSCVG,958
ATLBGR,955
COSONT,955
SANCOS,954
IADLAN,952
ONTCOS,951
LANIAD,951
COSSAN,949
ORDBZN,942
BZNORD,941
TYSTPA,940
SANBOI,939
RDUMSY,939
BOISAN,939
SCCBRW,936
MSYRDU,936
IAHAGS,927
MSYMCI,926
MCIMSY,925
AGSIAH,924
BGRATL,924
SMFCOS,919
ABQSMF,917
MCOCAE,917
CAEMCO,917
COSSMF,916
SMFABQ,916
SANMRY,910
MRYSAN,909
FARSLC,907
SLCFAR,907
SJUDTW,904
LGAMKE,898
MKELGA,896
TPATYS,895
KOAPHX,893
PHXKOA,893
MSYAUS,891
MSYSAT,890
FLLRDU,887
DABCVG,887
CVGDAB,887
SATMSY,887
RDUFLL,887
AUSMSY,886
GRRMCO,884
MCOGRR,884
PVDDFW,883
SLESLC,881
DFWPVD,881
SLCSLE,880
MTJDFW,880
DFWMTJ,877
GEGSAN,876
MLIMCO,875
MCOMLI,875
SANGEG,874
GRRDEN,874
CLTSDF,874
DENGRR,873
SDFCLT,873
DTWSJU,871
LGARSW,866
RSWLGA,866
MSPAZO,865
STLBDL,865
AZOMSP,865
BDLSTL,864
PHLPDX,863
PDXPHL,862
MSNMQT,860
DTWSCE,858
DABIAD,858
SCEDTW,858
MKEOMA,858
IADDAB,857
MQTMSN,856
MGMCVG,856
OMAMKE,855
ONTOMA,852
AUSABQ,852
OMAONT,852
CVGMGM,850
ABQAUS,848
IADABQ,847
ABQIAD,847
DENAMA,845
AMADEN,845
TPACAE,844
MEMSAV,842
ONTMCI,842
SAVMEM,841
MCIONT,841
ROCDCA,841
ROCPIT,840
MKEFNT,839
FNTMKE,838
ROCMSP,837
CVGPHF,837
MSPROC,836
LIHPHX,835
TPAALB,835
PHXLIH,835
ALBTPA,834
SATABQ,833
ABQSAT,831
ATWMSP,830
MSPATW,829
BNABOS,824
LAXSJU,823
CAETPA,822
SJULAX,821
PHFCVG,819
HOUCVG,818
BTRDCA,817
DCABTR,817
CVGHOU,817
LGASDF,812
SDFLGA,811
FLLRIC,808
RICFLL,807
CLTPWM,800
PWMCLT,800
ATLILG,799
PSPATL,798
ATLPSP,798
ANCSFO,793
SFOANC,793
JFKMLB,791
MLBJFK,790
MFREUG,790
GRBATL,786
MDWRNO,783
BUFDFW,782
BDLLAX,782
RNOMDW,782
MEMFSM,781
LAXBDL,781
DFWBUF,780
FSMMEM,780
BNASTL,780
STLBNA,779
RSWCMH,779
HDNORD,779
CMHRSW,779
TLHFLL,778
CHSBOS,777
MKEGRB,775
GRBMKE,774
PLNDTW,774
ORDHDN,774
DTWPLN,773
BNAMKE,772
MKEBNA,771
AZOATL,766
SANOMA,766
ILGATL,765
BOSCHS,765
OMASAN,764
MEMMSN,762
SANOKC,762
HDNDFW,761
MSNMEM,761
OGGIAH,761
IAHOGG,761
DFWHDN,759
EWRTUS,759
TUSEWR,758
ATLGRB,756
MDTDFW,754
BPTDFW,754
DFWMDT,754
MEMRSW,752
RSWMEM,752
YKMSLC,750
TPATLH,747
TLHTPA,747
SLCYKM,747
OKCSAN,745
ANCDUT,744
DUTANC,744
FLLBUF,743
SNAHNL,742
BUFFLL,742
HNLSNA,742
DFWBPT,741
SBNMSP,740
IADBHM,739
BHMIAD,739
MSPSBN,738
INDMKE,738
MKEIND,738
RICSTL,735
BWISJC,735
RSWFNT,734
SJCBWI,734
DTWXNA,733
FNTRSW,733
DFWANC,733
ANCDFW,732
STLRIC,732
XNADTW,731
OGGITO,731
PHFFLL,730
MSPHLN,729
MSPTYS,729
HLNMSP,729
TYSMSP,729
DTWSHV,728
MSPAVL,728
FLLPHF,728
AVLMSP,728
COSLAS,727
SHVDTW,727
DTWSGF,727
MSPGSO,727
SGFDTW,726
GSOMSP,726
LASCOS,726
ERIATL,725
DTWLIT,724
MKEDSM,723
ATLERI,722
DSMMKE,722
DENRDU,722
RDUDEN,721
LITDTW,721
SGFMSP,720
OGGSJC,720
BOSMSY,719
DCABTV,719
MSPSGF,719
MSYBOS,719
ONTELP,719
ATLAZO,718
ELPONT,718
LAXCMH,717
FLLOAK,711
SMFSAT,709
CMHLAX,709
SATSMF,708
ORFSTL,706
STLORF,706
TPADAY,705
RICMSP,704
OAKFLL,704
TUSAUS,703
BOSBNA,703
MSPRIC,703
LASBFL,701
OGGSMF,700
OGGSNA,699
RNOSNA,699
AUSTUS,698
LASMFR,698
MSPIDA,698
MFRLAS,698
BFLLAS,698
SNAOGG,697
ALBJFK,696
HOUSAN,696
ATLHKY,696
IDAMSP,696
SNARNO,695
DENGCC,695
SMFOGG,695
GCCDEN,695
PVDFLL,695
DAYTPA,693
FLLPVD,693
PHLCHS,691
SANHOU,690
JFKALB,690
CLEBHM,688
BHMCLE,688
TTNBOS,684
BOSTTN,683
TEXPHX,683
PHXTEX,683
FATONT,682
HPNRSW,681
RSWHPN,681
LNKDTW,680
DTWLNK,680
SRQCLE,680
ONTFAT,680
RDUSAT,679
CLESRQ,679
SATRDU,677
SBPSLC,677
IAHEGE,674
EGEIAH,674
JAXAUS,673
KOASNA,673
SLCSBP,672
HSVTPA,672
SNAKOA,671
DSMSLC,669
MCIMHT,669
SLCDSM,669
MHTMCI,669
ASELAX,669
AUSJAX,667
ORDJAN,667
LASEUG,667
EUGLAS,667
JANORD,666
SLCMEM,666
ABQTUL,664
TULABQ,663
MCIJAX,662
TPAHSV,662
CLTSAT,661
ONTMRY,661
LGBSJC,661
JAXMCI,660
SJCLGB,660
MRYONT,660
CLTAUS,660
AUSCLT,659
MEMSLC,658
SATCLT,658
MYRLGA,658
OKCABQ,657
ABQOKC,657
DENBFL,657
LGAMYR,656
SUXMSP,656
MSPSUX,655
LAXASE,653
BFLDEN,651
EGEMSP,651
MSPEGE,651
HDNMSP,651
MSPHDN,651
HKYATL,648
ATLEGE,648
SATTUS,647
EGEATL,647
TULSAN,645
TUSSAT,644
ABQEWR,642
BOSSAV,642
EWRABQ,641
ANCATL,639
SEASIT,639
ATLANC,639
SGFSTL,634
SLCMKE,634
STLSGF,633
TPAPNS,632
ATLFSD,631
SANTUL,631
PNSTPA,631
BOIATL,630
ATLBOI,629
MSPCMX,628
DCAROC,627
CMXMSP,627
FSDATL,625
MSPALO,625
IADRSW,624
RDUBHM,624
RSWIAD,624
SAVBOS,624
ALOMSP,623
BHMRDU,622
FNTLAS,620
GSPTPA,620
ATLBGM,620
LASFNT,620
ASEORD,620
BOSMKE,619
SDFJFK,619
JFKSDF,618
MKEBOS,618
FAISCC,617
MKESLC,617
STTBOS,616
BOSSTT,616
CHSPHL,615
DCAGRR,611
GRRDCA,611
ANCDTW,609
DAYMKE,609
PNSJFK,608
HLNBIL,608
MKEDAY,608
DTWANC,608
JFKPNS,607
BILHLN,606
DFWGJT,603
GJTDFW,599
PSEEWR,596
SLCCMH,595
EWRPSE,595
TLHJFK,595
JFKTLH,594
BTVDCA,594
CMHSLC,594
BGMATL,593
IADSTT,593
JFKTUS,592
ORDASE,589
PBISWF,588
SWFPBI,588
MEMRIC,587
RICMEM,586
TUSJFK,586
SBPLAS,584
LASSBP,584
SWFTPA,580
TPASWF,580
TPAGSP,579
MCICMH,579
CMHMCI,576
BFLSAN,575
SANBFL,574
BRWANC,574
RNOLGB,566
ORFTPA,565
TPAORF,564
MCOPSE,563
PSEMCO,563
SMFSTL,563
SJCSTL,563
COSSTL,563
STLSMF,563
STLCOS,562
STLSJC,562
MSPMDT,561
MDTMSP,561
LGBRNO,561
DCAMLB,561
MLBDCA,561
PHXASE,559
TPAGRR,559
GRRTPA,559
ASEPHX,559
DFWGTR,558
LITMSP,555
MSPLIT,554
MOBCVG,552
EGELAX,551
GTRDFW,551
MCOPWM,546
PWMMCO,545
DENRKS,545
RKSDEN,545
ATLLAW,544
COSMCI,544
LAWATL,543
MCICOS,543
LAXEGE,543
ORDDLH,542
DLHORD,542
DCAMSN,542
MSNDCA,542
BWIBTV,539
SLCFSD,539
BNASLC,538
SATIAD,538
BTVBWI,538
ITOKOA,538
TPACHS,537
CHSTPA,537
LGBMRY,537
MRYLGB,536
RSTDTW,535
SLCBNA,534
CVGMOB,534
FATLGB,533
PDXSTL,533
FSDSLC,533
CVGTVC,532
JNUGST,532
TVCCVG,532
STLPDX,531
GSTJNU,531
OKCSAT,530
SATTUL,530
SATOKC,529
LGBFAT,529
AUSOKC,529
JAXCLE,528
CAECLT,528
TULSAT,528
OKCAUS,528
SJCOGG,527
DSMEWR,526
ABEPHL,526
EWRDSM,525
CLEJAX,525
CLTCAE,524
CLESJU,523
SJUCLE,523
PHLABE,523
PITSLC,522
IADSAT,522
SLCPIT,522
GSOTPA,519
DENBDL,519
BDLDEN,519
OKCBWI,518
BWIOKC,518
PIADEN,516
SLCMTJ,514
CLTSLC,514
SLCCLT,514
MTJSLC,511
MCITUS,507
DCADSM,507
DSMDCA,507
TUSMCI,504
SNAMDW,497
MDWSNA,497
TPAGSO,496
MHTPHX,493
ROCFLL,493
FLLROC,493
PHXMHT,493
OKCONT,491
ONTOKC,491
DENPIA,490
LAXEUG,489
LGAFNT,489
EUGLAX,489
ONTTUL,488
FNTLGA,488
LAXICT,488
ORFMSP,487
TULONT,487
LAXRDU,486
ICTLAX,486
MSPORF,486
RDULAX,483
FLLAUS,481
HNLANC,481
AUSFLL,481
PDXBOS,480
BOSPDX,480
DENSDF,478
SDFDEN,478
ORDMOB,475
MOBORD,475
SLCYUM,470
YUMSLC,469
CPRMSP,469
MSPCPR,469
DTWRST,469
LASPIE,469
PIELAS,469
OKCSMF,465
TULAUS,461
MCIMSN,459
BNAPBI,459
AUSTUL,459
PBIBNA,459
MSNMCI,457
ATLLGB,456
SHVORD,455
LGBATL,455
ORDSHV,455
SMFOKC,454
SMFTUL,452
JAXMIA,449
MIAJAX,448
GUCDFW,444
MSPRHI,444
RHIMSP,444
ORDSTT,443
DFWGUC,441
MKEDCA,437
DCAMKE,437
TULSMF,435
RSWMKE,433
MKERSW,433
SEALIH,431
LIHSEA,431
DFWPFN,431
CLEOMA,430
DALATL,430
ATLDAL,429
OMACLE,428
RSWCAK,427
AEXGTR,427
CAKRSW,426
PFNDFW,426
GTRAEX,426
AKNADK,425
DENHLN,425
BURATL,425
ADKAKN,425
BWIOAK,423
OAKBWI,423
ATLBUR,422
BOSMYR,421
MIAXNA,421
XNAMIA,421
MYRBOS,421
IADOKC,420
ALBMSP,415
MSPALB,414
HLNDEN,413
MCISDF,412
SDFMCI,411
CHSMCO,410
MCOCHS,410
LEXCLT,407
GUCIAH,406
CLTLEX,406
IAHGUC,405
MOBCLT,405
CLTMOB,405
AUSSEA,398
SJUPIT,398
MCOLEX,397
PITSJU,397
LAXPIE,396
SEAAUS,396
PIELAX,396
SLCICT,394
SPIIAD,394
ICTSLC,393
IADSPI,393
FLLSYR,389
SYRFLL,389
HPNEWR,389
SLCACV,389
ACVSLC,388
EWRHPN,387
JFKACK,386
MCOTLH,381
PFNMCO,379
MCOPFN,378
BUFRSW,376
RSWBUF,376
OKCTUL,375
ORFMEM,373
PNSMCO,373
MKEMQT,373
MCOPNS,372
MQTMKE,372
TULOKC,371
ACKJFK,370
LFTMEI,370
MEILFT,369
BILCVG,366
CVGBIL,366
HNLONT,365
TUSOAK,364
OAKTUS,364
CAEPHL,364
ONTHNL,364
SNAAUS,364
PHLCAE,363
FNTDFW,363
DFWFNT,363
BRWSCC,362
PITSNA,361
SNAPIT,361
ROCBOS,361
AUSSNA,361
SANCLE,360
BOSROC,359
CLESAN,356
LASOGG,354
OGGLAS,354
VPSORD,354
SFOOTH,354
ORDVPS,354
ATLJAC,353
OTHSFO,353
JACATL,353
ATLSTX,352
MCOPDX,351
PDXMCO,351
RKSSLC,351
BWISEA,350
SLCRKS,349
SFOLMT,348
LMTSFO,348
SBPSJC,347
BTVMCO,347
MCOBTV,346
SEABWI,346
SJCSBP,345
LASMRY,343
SMFBFL,343
BFLSMF,342
MRYLAS,341
HPNMSP,341
MSPHPN,341
XNACLE,339
CLEXNA,339
BGRJFK,338
JFKBGR,338
RNOONT,336
OKCMCO,335
ONTRNO,335
DENJAX,333
MCOOKC,332
JAXDEN,332
TUSIAD,331
PWMPIT,331
IADTUS,331
STLSJU,330
SJCPSP,329
SJUSTL,329
MEMORF,328
SCEATL,328
ATLSCE,327
PITPWM,326
ORDMYR,326
SLCFAI,324
FAISLC,323
MYRORD,323
SAVCLE,322
CLESAV,321
STLMKE,321
MKESTL,320
SOPATL,319
ORFPIT,318
CVGPFN,317
PITORF,317
ATLSOP,317
PFNCVG,316
TLHCLT,315
CLTTLH,314
SRQLGA,314
SJCDTW,313
LGASRQ,313
DTWSJC,312
DCAXNA,311
PSPSJC,311
XNADCA,309
MLBIAD,306
AKNDLG,306
IADMLB,305
SLCSGF,304
AUSCRP,304
HNLSTL,304
STLHNL,304
CRPAUS,304
DCABHM,304
BPTATL,302
ATLBPT,301
KOAOAK,299
SGFSLC,298
INDSEA,297
SEAIND,296
OAKKOA,295
SLCGCC,293
GCCSLC,292
JAXLAX,291
PHLSAT,290
SATPHL,290
INLMSP,290
AUSPHL,290
PHLAUS,290
MSPINL,290
BHMDCA,287
HNLLNY,287
MKKOGG,286
LAXJAX,286
FLLEYW,286
LNYMKK,286
EYWFLL,285
CWAMKE,285
MKECWA,285
HDNATL,280
KOADEN,280
ATLHDN,280
DENKOA,280
TULMCO,279
AVPPHL,278
PHLAVP,277
MHTFLL,276
FLLMHT,275
RNOTUS,273
OMATUS,272
TUSOMA,272
ANCHNL,271
BNAORF,271
ORFBNA,270
TUSRNO,270
DENOGG,270
OGGDEN,270
STXATL,268
DFWGRB,266
GRBDFW,266
RSTDFW,265
RNOGEG,265
DFWRST,265
MKEMKG,264
GEGRNO,264
MKGMKE,263
FLLFNT,260
FNTFLL,260
MKESDF,258
SDFMKE,257
MCOTUL,256
EWRBTR,255
BTREWR,255
ANCCVG,254
CVGANC,254
DAYMIA,254
HOUCLE,254
CLEHOU,254
MIADAY,253
MEMLEX,253
SJCMCI,252
MCISJC,252
LEXMEM,252
FCAMSO,250
LASCAK,248
CAKLAS,248
LEXMCO,246
MEMIAD,246
AUSLGB,245
LGBAUS,245
MIASLC,243
SLCBDL,243
SLCMIA,242
BDLSLC,242
DTWICT,242
MSPFWA,242
OAKITO,241
ICTDTW,241
FWAMSP,241
ITOOAK,240
CLTSTX,239
STXCLT,239
ERICLE,236
JAXLAS,236
OAKAUS,236
SATIND,236
JAXSTL,236
EWRJAN,236
AUSOAK,236
CLEERI,236
INDSAT,236
LASJAX,236
JANEWR,236
MLBCVG,235
KOAITO,235
GPTORD,234
MEMSJU,234
SJUMEM,234
CVGMLB,234
STLJAX,233
ORDGPT,233
ORDMSO,231
ORDBIL,230
MSOORD,230
PHFTPA,229
TPAPHF,229
CMIATL,228
SLCKOA,228
ATLCMI,228
KOASLC,228
BILORD,227
PDXCLT,226
CLTPDX,226
ICTSTL,225
STTSTX,223
STXPHL,223
STLICT,223
ANCOGG,222
AUSIND,221
TPAMCO,219
INDAUS,218
MCOTPA,215
RICTPA,211
LGBSFO,210
SFOLGB,209
CECSMF,209
BILJAC,208
CLTTUS,208
CRWDTW,208
DTWCRW,208
SMFPHL,207
JACBIL,207
PHLSMF,207
TUSCLT,207
HOUEWR,206
GRRLAS,206
LASGRR,206
EWRHOU,205
TPARIC,204
TUSELP,204
GEGTUS,203
ELPTUS,203
YUMLAS,202
LASYUM,202
BJIMSP,202
TUSGEG,202
MSPBJI,202
LITCLT,201
DAYBOS,201
CLEDAB,201
DABCLE,201
ORFRIC,201
BOSDAY,201
CLTLIT,200
GSOFLL,200
FLLGSO,200
TVCDFW,195
DFWTVC,195
LAXMTJ,192
MTJLAX,192
TVCLGA,189
LGATVC,189
CAKFLL,188
SMFCEC,187
FLLCAK,187
SDFBOS,187
BOSSDF,187
HPNTPA,186
TPAHPN,186
STLCID,184
SJUMSP,183
MSPSJU,183
CIDSTL,182
PBILAS,181
LASPBI,181
LGADAB,180
DABLGA,180
LAXDSM,177
FCAPHX,176
PHXFCA,176
CRWCLE,175
DSMLAX,175
CLECRW,174
TTNATL,173
MIAEGE,173
ATLOGG,173
EGEMIA,173
SFOPIE,173
OGGATL,173
ATLTTN,173
CLESBN,172
PIESFO,172
BHMSLC,171
SBNCLE,171
JACIAH,170
IAHJAC,170
LAXMFE,170
ASESFO,170
MFELAX,170
MLILAS,169
LASMLI,169
SLCBHM,168
MSNLAS,166
LASMSN,166
SFOASE,166
ATLBZN,165
VISLAX,165
BZNATL,165
ANCADK,164
CWAMSP,164
MSPCWA,164
ADKANC,164
BURIAD,163
IADBUR,163
OTHPDX,162
PDXLMT,162
PDXOTH,162
LMTPDX,162
DTWBZN,161
BZNDTW,161
CLEOKC,158
MSPPWM,157
PWMMSP,157
LGACID,156
CIDLGA,156
PNSJAX,156
JAXPNS,155
LAXVIS,155
SJULGA,154
LGASJU,154
GSOCLE,152
RDUXNA,152
CLEGSO,152
CHSCLE,151
XNARDU,151
MCOACY,150
ACYMCO,150
CLECHS,150
HSVLGA,149
HNLDTW,148
BTVMSP,148
DTWHNL,148
MSPBTV,148
LASDSM,147
DSMLAS,147
LGAHSV,146
FLLPNS,145
PNSFLL,145
SLCLGA,144
OKCCLE,144
LGASLC,144
SGUCDC,143
ROCLAS,143
LASROC,143
LASFAR,142
LGBPDX,142
CLTTRI,141
SCCFAI,141
DENPBI,141
FARLAS,141
PBIDEN,141
PDXLGB,141
TRICLT,140
DSMCLE,139
DFWDAB,139
CLEDSM,139
EWRHDN,138
HDNEWR,138
DABDFW,137
ACYBOS,136
ORDCPR,135
LGABTR,135
CPRORD,134
BOSACY,134
BTRLGA,134
CDCSGU,133
DCACAE,133
DTWITH,133
BOISBA,132
ITHDTW,132
FCAORD,130
LASBMI,130
BMILAS,130
CAEDCA,129
ORDFCA,129
FLLMKE,129
MKEFLL,128
MTHATL,128
SMFEWR,128
EWRSMF,128
ATLMTH,127
PIELGA,126
LGAPIE,126
DENLIT,126
GPTMCO,124
TOLDFW,124
MCOMDT,124
MCOGPT,124
MDTMCO,124
EWRMTJ,124
MTJEWR,124
DFWTOL,124
MEMCOS,123
IADMEM,123
MCOBUR,122
BURMCO,122
ATLBQN,122
LEXTPA,122
TPALEX,122
MKESEA,122
BWIDAB,122
FLLLEX,122
LEXFLL,122
CLTPHF,122
DABBWI,122
SEAMKE,121
CVGTUS,120
TUSCVG,120
PHFCLT,120
LITDEN,118
MGMCLT,117
COSMEM,117
CLTMGM,116
SFOMKE,115
MKESFO,115
PBIMDW,114
MDWPBI,114
MTJORD,112
EGECVG,112
ORDMTJ,112
CVGEGE,112
MEMSAN,109
SANMEM,109
MKGFNT,109
MKESAN,106
ICTMCO,106
DFWMYR,106
SANMKE,106
MYRDFW,105
FNTMKG,105
MCOICT,105
SMFSBA,104
FSDLAS,103
LASDAY,102
DAYLAS,102
SBASMF,102
CLTFAY,102
LASFSD,102
FLLPSE,101
FAYCLT,101
PSEFLL,101
LGAEGE,98
EGELGA,98
SANSBA,98
ATLTVC,97
TVCATL,97
MCOPBI,96
ONTSTL,96
BETADQ,96
SBASAN,96
CAEBOS,96
BOSCAE,95
CMHFLL,95
LGASTT,95
FLLCMH,95
FATPSP,95
STTLGA,95
PBIMCO,94
TLHPBI,94
STLONT,94
STLANC,94
PSPFAT,93
MDTPHL,93
ANCSTL,93
PBITLH,93
INDPBI,92
BOSSRQ,92
SRQBOS,91
SNAPHL,91
PHXFSD,91
PHLMDT,91
CLEMYR,91
FSDPHX,91
COSOAK,90
PHLSNA,90
MYRCLE,90
DROIAH,89
TVCDEN,89
SJCTUS,89
IAHDRO,89
DENTVC,88
OAKCOS,88
FATMEM,86
RDUSJU,85
PBIIND,85
SJURDU,85
ANCEWR,84
EWRANC,84
JFKMHT,84
MLIPIA,84
LITMCO,83
EWROAK,83
OAKEWR,83
SUNTWF,82
MCIMIA,81
CLTAGS,81
MIAMCI,81
MHTJFK,81
TUSSJC,80
STLOGG,80
AGSCLT,80
OGGSTL,79
STLSRQ,79
DCAORF,78
SRQSTL,78
ORFDCA,77
SMFCLT,76
CLTSMF,76
CMHBDL,76
BDLCMH,76
TULLAX,73
DTWCHA,73
LAXTUL,73
EGECLT,72
CLTEGE,72
CHADTW,72
MSPEAU,72
EAUMSP,72
EGEPHL,71
PHLEGE,71
ICTMDW,67
MDWICT,66
CVGJAC,64
JACCVG,64
PITMYR,62
MYRPIT,62
PHFPHL,61
STLPIT,61
PHLPHF,61
FLLALB,60
BMIDFW,60
DFWBMI,60
MCIFLL,60
FLLMCI,60
ALBFLL,60
GCCRKS,59
PBIMEM,59
DENRDM,59
RDMDEN,59
RKSGCC,58
MTJATL,57
ATLMTJ,57
PIAMLI,55
KOALIH,55
SAVMSP,54
MYRMSP,54
LIHKOA,54
MSPCHS,54
CHSMSP,54
MSPSAV,54
MSPMYR,54
ATLPSE,53
MEMPBI,52
SRQMSP,52
MSPSRQ,52
MCOSAN,50
CLEABQ,50
MLBDFW,50
ABQCLE,50
TWFSUN,50
SANMCO,49
MEMBDL,49
DFWMLB,49
BDLMEM,48
AVLMCO,47
LIHDEN,47
DENLIH,47
MCOAVL,47
ATLFCA,46
FCAATL,46
FATSGF,45
SEAKOA,45
MEMTRI,44
FATRAP,44
CVGSJU,44
SJUCVG,44
BZNSFO,44
TRIMEM,44
SBABOI,43
SFOBZN,43
MYRPHL,43
SFOEGE,42
EGESFO,42
PHLMYR,42
BOIFAT,42
FATTUS,42
BOIDFW,41
TUSFAT,41
DFWBOI,40
HSVCLT,40
PVDISP,40
PITCMH,40
CLTHSV,40
ISPPVD,40
CMHPIT,38
EYWMCO,36
MCOEYW,35
RNODTW,34
SJUPIE,34
PIESJU,34
DTWRNO,34
DALHRL,33
CHOCLT,33
LGASFO,33
HRLDAL,33
DTWSTT,33
SFOLGA,33
GTFHLN,32
LIHSAN,31
SANLIH,31
CLTCHO,31
GNVCLT,29
LGBONT,29
LAXLGA,28
LGALAX,28
LGALAS,28
CLTGNV,28
OGGANC,27
RICORF,27
LASLGA,27
DABORD,26
ORDDAB,26
CRWCLT,26
CLTOAJ,26
OAJCLT,26
PITSTL,26
CLTCRW,25
DCASRQ,25
SRQDCA,24
TRIMCO,24
MCOTRI,24
ORDGTF,24
MKGGRR,24
KOASAN,23
LGAMLB,23
SANKOA,23
JANCLT,23
CLTXNA,23
GTFORD,23
SNALIH,23
OMAMCO,23
CLTDAB,23
DABCLT,23
LIHSNA,23
LGAHDN,23
HDNLGA,23
GRRMKG,23
MLBLGA,23
CLTJAN,23
MCOOMA,23
XNACLT,22
SFOTWF,22
BGRMSP,22
MSPBGR,22
ACYLGA,22
LGAAGS,21
AGSLGA,21
SAVDCA,20
ORDGJT,20
ROACLT,20
DCASAV,20
CLTROA,20
AVLCLT,18
ONTSAN,18
LAXJAC,18
GUCATL,18
SFOSMX,18
ATLGUC,18
JFKBGM,18
JACLAX,18
BILPHX,18
BGMJFK,18
AVPJFK,17
PHXBIL,17
CLTAVL,17
DCAGSP,17
HDNCVG,16
EWRGUC,16
CVGHDN,16
GUCEWR,16
ATLASE,16
RNOEWR,16
ASEATL,16
EWRRNO,16
SANONT,15
GSPCLT,15
JFKCAE,15
CHACLT,15
HDNJFK,15
CLTCHA,15
ANCKOA,15
JFKHDN,15
GSPDCA,15
TUSDTW,14
JFKEGE,14
SLCGUC,14
ABELGA,14
DTWTUS,14
PSCGEG,13
LAXGJT,13
BILSFO,13
GUCSLC,13
ONTIAD,13
EGEJFK,13
LAXBZN,13
SFOBIL,13
MCOLIT,13
BZNLAX,13
SFOMSO,12
BTVHPN,12
HPNBTV,12
SFOFCA,12
AVPLGA,12
FCASFO,12
GSORDU,12
SBAMRY,12
RSWRIC,12
JFKLGA,12
RICRSW,12
MSOSFO,12
JAXISP,11
TWFBOI,11
CLTGSP,11
ONTPSP,11
ISPJAX,11
BWILGA,10
ABEJFK,10
BURRNO,10
PSCPDX,10
TULGJT,10
RNOBUR,10
CPRPIH,10
CLETUL,10
PITSDF,9
SMFRDD,9
SDFPIT,9
SAVJAX,8
MHTBOS,8
COSGJT,8
MYRDCA,8
SDFPHL,8
INDHOU,8
VPSLGA,8
BWIDCA,8
LASBIL,8
ONTBOS,8
LGAVPS,8
BILLAS,8
OAKTWF,8
DCAMYR,8
SJCSFO,8
PSPGJT,8
BFLFAT,8
FATTWF,8
PHLSDF,8
ACVMRY,7
EKOTWF,7
HOURSW,7
PITAVP,7
IPLPSP,7
CLEAGS,7
PSCGJT,7
ABQGJT,7
BURMDW,7
MDWBUR,7
ABEPIT,7
EUGMFR,7
PHLTYS,7
LFTDCA,7
FATCOS,7
TULCOS,7
IDAPIH,7
GJTCOS,7
AGSCLE,7
RSWHOU,7
AVPPIT,7
MFRSMF,6
OGDSLC,6
CAEJFK,6
JACEWR,6
JFKEWR,6
PSCTWF,6
MSOIDA,6
PITABE,6
BZNPIH,6
MEMFAT,6
FCAIDA,6
TYSDCA,6
GSPMSY,6
FARGJT,6
CKBCVG,6
MSOGJT,6
GJTORD,6
CVGCKB,6
SGUPIH,6
ELPCOS,6
FATMRY,6
MRYFAT,6
TUSGJT,6
EWRJAC,6
DENTWF,6
FSDCOS,6
JFKTYS,6
PIRMSP,5
ACYJFK,5
SBAGJT,5
FATSMF,5
RAPTWF,5
SBNEWR,5
MFRRDM,5
PVDBOS,5
IADLFT,5
EWRSBN,5
BURCOS,5
ELPGJT,5
SDFSLC,5
OKCIAD,5
BZNGJT,5
BISGJT,5
BOIPIH,5
PBICMH,5
MCIOMA,5
TYSCLT,5
FSDMSN,5
BZNBTM,5
XNABHM,5
LNKCOS,5
FCATWF,5
MLUBPT,5
MSPPIR,5
IYKONT,5
MTJGJT,5
SFOSJC,5
LAXCDC,5
HPNJFK,5
SMFRNO,5
RAPCOS,5
JFKBHM,5
CMHPBI,5
FATSBA,5
RNOTWF,5
SMFTWF,5
SMFFAT,5
COSOKC,5
SLCSDF,5
RSWMCI,5
MRYSBA,5
RDDACV,5
EWRJFK,5
SGFCOS,5
MDTLGA,5
OAKSMF,5
BHMAUS,5
CICSMF,5
EUGTWF,5
RAPIDA,5
MCIRSW,5
ACVMFR,4
MSNCOS,4
FCAPIH,4
TYSAUS,4
PHXCDC,4
RICDCA,4
RDUGRB,4
MSOCOS,4
SJCFAT,4
BHMJFK,4
XNAGJT,4
COSAUS,4
PIRJAX,4
SANPSP,4
GEGPSC,4
BZNIDA,4
JAXPIR,4
GJTMTJ,4
SGUPSP,4
PSPONT,4
GJTLAX,4
BDLBOS,4
MKEMCI,4
SJCPIH,4
HLNPIH,4
CLTTYS,4
RDMIDA,4
HSVBHM,4
RDDSMF,4
MRYSJC,4
BOICOS,4
RAPGJT,4
ORDBIS,4
BTVPIT,4
RSWMIA,4
OAKFAT,4
GSOAUS,4
EKOPIH,4
TUSTWF,4
GEGTWF,4
SLCLNK,4
BOICID,4
TLHAUS,4
ONTFLL,4
DENSUX,4
XNACOS,4
JFKAGS,4
ACTCLL,4
PSCCOS,4
ONTTWF,4
BZNTWF,4
HLNMSO,4
MEIAEX,4
CHSAUS,4
PUBCOS,4
CAKCLT,4
SEARDM,4
BILPIH,4
CLTCAK,4
SBACOS,4
LAXPUB,4
ALBLGA,3
LNKPIA,3
RDUGRR,3
RDMMRY,3
FATBFL,3
RDDMFR,3
VPSAUS,3
FARCID,3
LASSGU,3
FARRAP,3
TULPIA,3
BILCOD,3
MCISHV,3
TULXNA,3
SMFSJC,3
IYKPSP,3
BURGJT,3
JFKLEX,3
CMHAUS,3
SBPMRY,3
CHSJAX,3
SUNPIH,3
BZNCOS,3
TUSPSP,3
BOITWF,3
FARCOS,3
CRWSPI,3
RNOPIH,3
ICTCOS,3
ROASBN,3
OAKLBB,3
BILTWF,3
HSVAUS,3
SGFMCI,3
SGUTWF,3
CLEPDX,3
MIAFLL,3
IADONT,3
TXKTYR,3
EUGBOI,3
MSOCPR,3
CAKCMH,3
SATCOS,3
FMNABQ,3
DCALFT,3
PNSRDU,3
PDXPSC,3
MIAEYW,3
BNACOS,3
CLEFWA,3
MEMGJT,3
LWSIDA,3
PDXCLE,3
RDDFAT,3
PDXPIH,3
CODIDA,3
FLLMIA,3
XNAOKC,3
MSOTWF,3
GSOMSY,3
SGUONT,3
SFOGJT,3
RDMSJC,3
RDUPNS,3
LGBGJT,3
MCIPIH,3
RDMSEA,3
IADDCA,3
ABICLL,3
LNYOGG,3
MFRGJT,3
IDAJAC,3
MFRSJC,3
AUSSAT,3
BOIGJT,3
ABEAVP,3
SFOPSC,3
OMAGJT,3
CODTWF,3
BILIDA,3
RFDCOS,3
EUGSMF,3
MLICOS,3
BUFGSP,3
DENBTM,3
BHMSHV,3
SJCSMX,3
PSPCOS,3
AUSCMH,3
BTMBZN,3
MSOFCA,3
RDDSJC,3
ACVRDD,3
ONTGJT,3
GTFTWF,3
COSPIA,3
RAPBIS,3
YUMPSP,3
OKCGJT,3
LNKOMA,3
MCIMKE,3
GTFGJT,3
FCAGJT,3
SATAUS,3
MGMMLU,3
DENPIH,3
PITBTV,3
CPRRAP,3
CPRGJT,3
TYSMCI,3
ALBBOS,3
SBPSMX,3
BISRAP,3
EUGRDM,3
BHMCOS,3
OMACOS,3
SWFJFK,3
ONTSNA,3
SMXSBA,2
SLCGRR,2
MSOBZN,2
BTRMSY,2
PFNTLH,2
PITGRR,2
RDULIT,2
PDXRDD,2
SNACDC,2
PHXLBB,2
CIDCOS,2
PDXACV,2
PLNDCA,2
DENBFF,2
SAVMCO,2
TUSCOS,2
SYRHPN,2
DROCOS,2
XNARFD,2
GEGIDA,2
SEAEUG,2
TUSCDC,2
BWIGRR,2
OMAMCI,2
ABISJT,2
GLHMEM,2
ILMRDU,2
MSNRFD,2
STXJAX,2
JFKSWF,2
MKEABE,2
BNATUL,2
SEATWF,2
XNAPIA,2
SANTWF,2
ICTPIA,2
ISPMCN,2
PHXIDA,2
SJTCLL,2
JACTWF,2
ICTSPI,2
IAHPIA,2
RNOFAT,2
SAVCHS,2
BFLSJC,2
CPRIDA,2
PVUSLC,2
BZNBIL,2
GTRMEI,2
EUGSJC,2
GSPAVL,2
JAXDAB,2
MFRACV,2
ABEFWA,2
JACPIH,2
SJCSMF,2
INDLIT,2
AUSCOS,2
RICCHO,2
MDTJFK,2
BURFAT,2
BTMPIH,2
FLLRSW,2
AVPLAN,2
SDFDCA,2
BDLGRR,2
SGFRFD,2
EUGMRY,2
HNLMKK,2
GSOORF,2
TULICT,2
FARMSN,2
FLLPIE,2
JACIDA,2
WYSPIH,2
EYWMCN,2
AUSPIA,2
MEMGLH,2
INDSBN,2
HLNTWF,2
SJCBFL,2
SMFIDA,2
SNAGJT,2
BILBZN,2
RAPCPR,2
ORDBGM,2
FATPIH,2
DENLAR,2
ALBSBN,2
PSPTWF,2
ACVCIC,2
GTFIDA,2
FARSBN,2
MKEMDW,2
MCOJAX,2
SHVHSV,2
ICTOKC,2
IAHHOU,2
BFLMRY,2
SJUSRQ,2
SATAMA,2
MYRFLO,2
AUSGJT,2
SMXSFO,2
GRRTOL,2
MLUAUS,2
MCIICT,2
MKKLNY,2
BNAICT,2
CLTGRR,2
OXRONT,2
MODONT,2
GSOROA,2
TYSFWA,2
ABQPIH,2
ORDGUC,2
CLECOS,2
COSRFD,2
LGBTWF,2
EWRGRB,2
ELPPIH,2
CICMRY,2
AEXJAN,2
OMADSM,2
HLNBTM,2
SLCFMN,2
TRITYS,2
PIHTWF,2
DENGRB,2
IADBWI,2
PDXTWF,2
ROASTL,2
TWFEKO,2
JFKHPN,2
EUGCOS,2
MFRMRY,2
PIEMCO,2
PHXTWF,2
SFOIDA,2
SBPFAT,2
CYSDEN,2
SNAONT,2
SDFSHV,2
CLDONT,2
SFOPIH,2
FSDRFD,2
DSMGJT,2
TPASRQ,2
GEGGJT,2
PSCCPR,2
CODPIH,2
MFRSEA,2
CIDLNK,2
ORDRFD,2
EVVSTL,2
RNOGJT,2
TYRTXK,2
BNAFSD,2
MKEMCN,2
LNKGJT,2
MKETUS,2
OMAPIH,2
MSNATW,2
COSMKE,2
MKEBHM,2
SLETWF,2
BILCOS,2
DENFWA,2
BTRAEX,2
RDMSMF,2
DABJAX,2
ICTMCI,2
CIDOMA,2
AGSCVG,2
MCNVLD,2
RDUGSO,2
OMAMSN,2
ICTTUL,2
CDCLAX,2
MFRRDD,2
RSWFLL,2
RNOJAC,2
AUSDSM,2
AVPHPN,2
SRQTPA,2
IYKFAT,2
MSNCYS,2
GSOJAX,2
SLCCYS,2
LAXBUR,2
SATMRY,2
OMATWF,2
TXKBPT,2
CMHMSN,2
MYRILM,2
PSCPIH,2
SGFSBN,2
LYHROA,2
SGUSBA,2
SLCLBB,2
PSCIDA,2
VPSPFN,2
CAEAGS,2
BURCDC,2
LGAJFK,2
DSMPIH,2
MKEROA,2
CRWCHO,2
LITSAT,2
MLIGJT,2
CHSSHV,2
OKCTXK,2
PHLATW,2
COSABQ,2
BILGJT,2
OMALNK,2
RDDMRY,2
AEXBTR,2
ORDMDW,2
PHXPIH,2
PITMSN,2
LWSBOI,2
JANLFT,2
GUCORD,2
BTVLGA,2
GTFPIH,2
CPRTWF,2
CHSSAV,2
MFRTWF,2
OAKPIH,2
HPNLGA,2
RICRDU,2
RAPPIH,2
DSMOMA,2
MSOPIH,2
TYSSDF,2
CODCPR,2
SHVJAN,2
ROAPIA,2
MDTDCA,2
DALDFW,2
BNAIND,2
CRPSAT,2
BTRCSG,2
SGFBNA,2
GJTASE,2
SFODRO,2
FATRNO,2
RNOIDA,2
CHODCA,2
DCAIAD,2
SGUOGD,2
DCAPLN,2
VCTILE,2
GRRFLL,1
XNAMCN,1
FSDLNK,1
PITCOS,1
PDXTPA,1
AUSCID,1
LASGJT,1
EUGCPR,1
XNAAGS,1
MYRMLB,1
CMHSBN,1
HPNPIT,1
OMASBN,1
PFNVPS,1
GEGBLI,1
FSDCID,1
RICBNA,1
PBIJAX,1
AVLTRI,1
ERIPIT,1
BISSLC,1
MSNMLI,1
CHORIC,1
MEMLNK,1
AVPABE,1
BURPMD,1
INDLNK,1
PITTYS,1
SAVHTS,1
OAKSFO,1
TRILEX,1
COSBHM,1
LEXOKC,1
LAXPMD,1
IDAGJT,1
HPNPIA,1
LEXIND,1
ORFPBI,1
SLCHOU,1
BOSACK,1
AUSRFD,1
CMHGRB,1
SGUGJT,1
EWRLAN,1
AUSSBN,1
SBAONT,1
HPNBOS,1
PHLMCN,1
LNKRFD,1
OAKSJC,1
MSYTWF,1
RDMMFR,1
PWMFSD,1
MCIPIA,1
FSDPIH,1
ICTSGF,1
SNAPVU,1
ABQIDA,1
CRWLEX,1
RFDGJT,1
TYSLEX,1
SBASBP,1
PIERSW,1
RNOOGD,1
GSOBTR,1
COSLAN,1
ABEGRR,1
MRYSBP,1
OMAATW,1
LWSGJT,1
COSIND,1
ICTAMA,1
LITXNA,1
BWIABE,1
SUXOMA,1
JAXRFD,1
SAVSPI,1
DHNVPS,1
RICROA,1
CHATYS,1
AVPBGM,1
ORDEUG,1
COSFAT,1
BHMHSV,1
TLHSHV,1
PMDLAX,1
MFEMCO,1
LMTMFR,1
BLISEA,1
FLOGSP,1
FARBIS,1
SATPVU,1
SRQSJU,1
MCIGSO,1
SLCPUB,1
PSCBOI,1
SLCLBF,1
EWRLGA,1
AGSCHA,1
MEMFWA,1
MCNEYW,1
ROCSYR,1
CPROGD,1
LEXTYS,1
GJTPIH,1
TYRCLL,1
RDDSBA,1
DABSHV,1
SNABFL,1
MKEGSP,1
SJCGJT,1
XNASGF,1
MOBBTR,1
CRWBNA,1
SGFMTJ,1
STLPUB,1
CLECWA,1
TULFWA,1
BTVCMH,1
RDDCIC,1
FATCDC,1
MFRCYS,1
MSNRAP,1
SYRCAK,1
MGMJAN,1
DFWPHF,1
BHMOKC,1
SATMGM,1
CDCPVU,1
MSNDSM,1
ROCLEX,1
CHSIND,1
SYRLGA,1
PIACHA,1
CAEAEX,1
PFNCSG,1
FATMTJ,1
MCIGJT,1
PIAHPN,1
PHLICT,1
PSCRAP,1
MFRPUB,1
FATBOI,1
GJTTWF,1
FWATVC,1
TULMSN,1
MCNVPS,1
JANBHM,1
ILMMCN,1
EUGGJT,1
IAHMLI,1
CAEBTR,1
VPSXNA,1
ATWXNA,1
TUSPIH,1
DSMTWF,1
BFLSBP,1
ACVSJC,1
TOLSBN,1
PSCMTJ,1
SLCABI,1
TYSROA,1
PSPSBA,1
BGRPWM,1
PSCEUG,1
RICCHS,1
BILCPR,1
LBBOAK,1
MSYSEA,1
LANSBN,1
TULDSM,1
BOSGGG,1
SLCSPS,1
EUGPIH,1
MSNGRB,1
FARMCI,1
PSCLWS,1
GSPMCN,1
MAFAMA,1
PNSSAT,1
TLHIAD,1
TULIND,1
PHXSHV,1
SMFAUS,1
BGRPHL,1
SAVHHH,1
GNVMCN,1
OXRBFL,1
RAPFSD,1
ABILAX,1
SWFBOS,1
DFWPUB,1
SGFGJT,1
HSVSHV,1
LANGRR,1
TOLAZO,1
DROGJT,1
PFNGPT,1
PBIAUS,1
MEMDAY,1
MEMSBN,1
OAKBFL,1
IYKBFL,1
COSBUR,1
LANCRW,1
YUMGJT,1
AGSCHS,1
SEAOGD,1
AZOMKE,1
CVGAGS,1
TXKACT,1
LFTTXK,1
TLHAGS,1
PDXMSO,1
AUSPWM,1
LNKABE,1
MOBMGM,1
TPAPDX,1
GJTCDC,1
AZOXNA,1
PHFRDU,1
MSYOKC,1
INDLEX,1
VCTCLL,1
SBAPUB,1
BISCOS,1
MDTBWI,1
DFWFAY,1
MYRCHS,1
VPSDHN,1
RICBUF,1
ABESBN,1
BURPSP,1
AUSMCN,1
BFFRAP,1
RNOSBA,1
MGMSHV,1
DENOGD,1
JANAUS,1
LITCMH,1
SDFSMF,1
ROAMSN,1
HOUBTR,1
HTSAGS,1
HSVTUS,1
GPTLGA,1
LAXIDA,1
BHMVPS,1
ATWCHS,1
MKEALB,1
GSOBNA,1
DENROC,1
SMXSAN,1
FSDGRR,1
MLIMTJ,1
FSDPIA,1
BHMMGM,1
BOISMF,1
SATPIA,1
CPRCOD,1
MFRBOI,1
FARSTL,1
COSTUS,1
HLNIDA,1
MDWJAX,1
MCILEX,1
SMFMFR,1
LEXMLI,1
HTSJAN,1
SAVRDU,1
AUSSHV,1
MSPBHM,1
BTVCOS,1
DENCDC,1
CICFAT,1
MDTMHT,1
SEAMSY,1
INDSJU,1
OMAIDA,1
RSWPBI,1
MKEMKC,1
SMFCVG,1
CLTATW,1
SNACLE,1
STLGJT,1
SHVBHM,1
GSPMLB,1
MEMABQ,1
CLDSNA,1
PSCOGD,1
ABEBHM,1
MODFAT,1
SAVMLU,1
PITCAE,1
PSPSAN,1
BHMMKE,1
SRQMIA,1
PFNIAH,1
COSFSD,1
GEGRAP,1
CAEAUS,1
RDMOGD,1
JANCSG,1
MSPPIA,1
MFROTH,1
BOSONT,1
SANCLD,1
SBNLEX,1
TULASE,1
MTJPUB,1
JAXAEX,1
MCOMFE,1
ROAROC,1
CLEJAN,1
MODRNO,1
PFNSAT,1
MSOHLN,1
FARLAN,1
MEICHA,1
CHSMGM,1
FSDGJT,1
FARCPR,1
AVPBDL,1
GRBGTF,1
SHVAUS,1
IADTLH,1
GRBDEN,1
BISFAR,1
RSWEYW,1
TYRBPT,1
TYSBTR,1
ELPMFE,1
IDABZN,1
DENPVU,1
SLEBOI,1
MEMCID,1
ABEAZO,1
CAECHS,1
GRBLEX,1
SGFSPI,1
HLNGJT,1
TLHJAX,1
ELPMTJ,1
FWASBN,1
AZOSBN,1
MSORAP,1
BFLPIH,1
DAYRFD,1
GEGRDM,1
DSMCOS,1
TTNLGA,1
DENBTR,1
JAXCMH,1
SLCOGD,1
GPTSHV,1
INDXNA,1
FSDSDF,1
ABQPSP,1
CIDGJT,1
ABEHPN,1
JFKMYR,1
HSVTUL,1
TWFPIH,1
FNTCHA,1
LASPIH,1
FSDRAP,1
LEXDAY,1
BOIPIT,1
SGUIDA,1
BTRJAN,1
MCNCHS,1
INDCOS,1
IDAOGD,1
MFRFAT,1
TPADAB,1
OKCTWF,1
ABITYR,1
PVDBDL,1
MFRIDA,1
TYSGRR,1
SATGSO,1
SGFFSD,1
OMARFD,1
CECRDD,1
PBIFLL,1
MKEBUF,1
MOBGPT,1
LNKCYS,1
MDWJFK,1
MKESGF,1
MFROGD,1
SGFPIA,1
ORFMLI,1
BOISUN,1
BTMGJT,1
PITGRB,1
FAYCAE,1
FAIOME,1
ALBISP,1
RAPGRB,1
PWMBGR,1
CMHSYR,1
MCOSBN,1
ORDROW,1
BZNRFD,1
TULMTJ,1
BWISAV,1
STLSPI,1
SMFMSN,1
SANSBP,1
LEXBNA,1
MRYPSP,1
MCILNK,1
MLUCSG,1
SJCMRY,1
LEXCOS,1
FATSNA,1
BTVSBN,1
BTMIDA,1
BDLGRB,1
AEXMLU,1
CHSMKE,1
SYRGRR,1
RDUCHS,1
CIDDSM,1
CMHGRR,1
GSOOKC,1
MSPLEX,1
DAYAZO,1
PIAMSP,1
OKCSPI,1
SBPOXR,1
OAKABI,1
AEXSHV,1
BOIATW,1
HOULBB,1
LITAUS,1
GNVEYW,1
GEGPVU,1
CLECPR,1
GJTSBA,1
ASEMSN,1
RDDCEC,1
SLCMSN,1
DSMCWA,1
ORFSBN,1
SLCHSV,1
FSDMTJ,1
XNALEX,1
SUNPVU,1
LFTMOB,1
SBAMOD,1
CRPBRO,1
MKELNK,1
PNSSHV,1
BWILEX,1
CAEHOU,1
SAVAUS,1
AEXAUS,1
AEXMSY,1
SLCSUX,1
JFKGSP,1
SJTTYR,1
TRIAVL,1
JAXVLD,1
LAXRSW,1
OAKOKC,1
SUNOGD,1
ATLCBM,1
ACYMYR,1
MIABUF,1
SGFRAP,1
MKEFAR,1
HLNBZN,1
MKECOS,1
JACGJT,1
MIASAT,1
ICTMSY,1
SNATWF,1
COSTWF,1
ACYBWI,1
ORFSAV,1
MEICSG,1
GTFBZN,1
PDXMSN,1
GEGSKA,1
RICGSO,1
SBPONT,1
TYSCRW,1
GNVCHA,1
MKEAVP,1
ROAIND,1
CMHICT,1
ACTTYR,1
FCABOI,1
SYRTPA,1
MEMPIA,1
XNACHA,1
MSYCMH,1
AMACOS,1
ASERFD,1
BTRCRP,1
BURLAX,1
PUBDEN,1
BFLCDC,1
FSDGRB,1
PSPPIH,1
TULRFD,1
SLCAMA,1
SAVFWA,1
CRWROA,1
FLLGRR,1
LGALIT,1
PSPSGU,1
RDMEUG,1
ATWGRR,1
OMACID,1
ORFBDL,1
SAVAGS,1
BTMMSO,1
LGBTUS,1
MCNBQK,1
MCOSTX,1
MSNIAH,1
RDMBOI,1
BOIBZN,1
XNAFAR,1
PNSMCN,1
BILRAP,1
AGSJFK,1
BNASGF,1
RDULEX,1
CAKPIT,1
BISCPR,1
PFNAUS,1
CAECMH,1
RICJAX,1
SJUSTX,1
BUFPBI,1
SRQMCO,1
ABEBWI,1
EUGFAT,1
MFRSBA,1
LGBEWR,1
RICPHF,1
BOSHPN,1
DENCRW,1
VLDGNV,1
JANMSY,1
ABQCOS,1
BLITWF,1
GSOJAN,1
FATMOD,1
MRYSMX,1
JAXPBI,1
CHSLIT,1
COSMLI,1
EYWSRQ,1
AVPAZO,1
AGSCAE,1
OMAGRB,1
BTVIND,1
TYSAVL,1
MLBTXK,1
BMIPIA,1
ONTLBB,1
COSIDA,1
OXRPSP,1
TTNJFK,1
DFWFMN,1
AUSGPT,1
LASKOA,1
JAXTYS,1
SAVSBN,1
ALBBDL,1
MCIMGM,1
MDTMCN,1
CHOLYH,1
CAERDU,1
INDABI,1
SBPMFR,1
GSODCA,1
DABMCO,1
SLCRCA,1
PHLDAY,1
LFTIAD,1
ILEBPT,1
CLEGJT,1
DSMBNA,1
AGSSAV,1
CAECRP,1
CMHOMA,1
CKBLEX,1
AZODAY,1
AEXABI,1
CKBPIT,1
ORDONT,1
BOIMLI,1
SRQFLL,1
MGMCHA,1
MSNPUB,1
PITOAK,1
ROAFWA,1
GSPRSW,1
SFOSDF,1
COSFMN,1
COSTUL,1
BWIMSN,1
SANSNA,1
AUSBHM,1
MSNLNK,1
PHFFAY,1
TUSSNA,1
IDACYS,1
IAHMSN,1
PNSPFN,1
GEGLGB,1
CMISPI,1
TYSJAN,1
ACTSJT,1
BILGTF,1
COSPSP,1
MKCMKE,1
SRQBDL,1
ICTCID,1
ORFIND,1
PHFCHO,1
MCNDFW,1
GSOSHV,1
ALBGRR,1
BISCYS,1
ONTSBA,1
LEXMCN,1
AZOFAR,1
FCAOGD,1
EVVLEX,1
EKOOGD,1
SLCPVU,1
MSYCAE,1
SUNIDA,1
CHABNA,1
SFOELP,1
STLCMI,1
SNASAN,1
MLICID,1
FSDCYS,1
SLCEAU,1
LAXMFR,1
BOIFSD,1
MRYPIH,1
AVPBUF,1
ILMFLO,1
DROABQ,1
PDXFAT,1
BNADSM,1
SWFLGA,1
SWFBDL,1
SDFFWA,1
AEXHOU,1
HTSMCN,1
MLUSHV,1
GSOCMH,1
SNAPIH,1
VPSSAT,1
OAKGJT,1
ALBMKE,1
EUGIDA,1
ELPOGD,1
OAKPIT,1
LFTMCN,1
EVVMGM,1
BISORD,1
DENMBS,1
BLIPIH,1
HDNPIH,1
BDLMHT,1
FLLBTV,1
CLLILE,1
STLXNA,1
LITCOS,1
BTVFWA,1
SGFMLI,1
ALBBTV,1
BTRDEN,1
SAVSAT,1
MKETWF,1
RDMPIH,1
LEXPIA,1
MLBMCO,1
DENFMN,1
MDTAVP,1
MSNCPR,1
MODBFL,1
DCASHV,1
MSPCRW,1
GPTPNS,1
LEXSHV,1
PIALNK,1
MHTMDT,1
XNACYS,1
CIDRFD,1
PBIMIA,1
TYSCHA,1
VLDMCN,1
MCOSRQ,1
MCISGF,1
TUSIDA,1
WYSIDA,1
ACTILE,1
HTSCRW,1
LAXPIH,1
ORFPHF,1
SDFSPI,1
OKCPIH,1
GJTOGD,1
CIDICT,1
BOIOGD,1
CHSMCN,1
TYRAEX,1
SHVTYR,1
CRWFWA,1
BZNMSN,1
MEMCPR,1
MCNABY,1
ONTABI,1
DCALIT,1
CMIABI,1
BNAOKC,1
ROACRW,1
PBIRSW,1
SLCSHV,1
MEIMGM,1
DENPUB,1
TVCMSN,1
XNACAK,1
OMAFSD,1
DSMORF,1
FATGJT,1
AMATUL,1
PFNBHM,1
STXMGM,1
JAXBTR,1
XNAICT,1
CRWGSP,1
OMAABQ,1
SDFPIA,1
SYRBTV,1
XNASDF,1
TYSMLI,1
SBADRO,1
GNVRSW,1
ROABNA,1
SMXONT,1
JAXSHV,1
BURMRY,1
MRYPVU,1
CWAMLI,1
DAYDCA,1
SDFJAX,1
AUSORF,1
CRWDAY,1
XNASAT,1
PSPCLD,1
MCOPIE,1
AUSSPI,1
GPTBTR,1
LFTGTR,1
SAVSHV,1
BHMLEX,1
CAERIC,1
MTJCOS,1
SANYUM,1
SANCDC,1
OKCBMI,1
DSMLNK,1
OMACHA,1
SDFLAX,1
MKEMGM,1
LITGJT,1
RICPWM,1
TULOMA,1
MSYJAN,1
PNSGPT,1
BGRBTV,1
CHASDF,1
LAXSDF,1
RDUFAY,1
MODMRY,1
AEXLFT,1
LGBGEG,1
ISPAGS,1
ABYVLD,1
CWAMSN,1
ATWDSM,1
AUSBTR,1
DFWLYH,1
ABIVCT,1
PHLGRR,1
AMAPHX,1
BHMPUB,1
RSWBTV,1
LNKSGF,1
GRBDSM,1
TYSAEX,1
MGMGPT,1
MFRMOD,1
SYRLAN,1
DFWDHN,1
SGFMKE,1
GTFMSO,1
PSPOGD,1
SFOFAR,1
ORFBOI,1
SFOOAK,1
MFRCOS,1
SEAPIH,1
BURTUS,1
OAKPSP,1
GRRCHA,1
SBAMTJ,1
FAYMCN,1
LNKLAN,1
RAPCYS,1
ORDPIH,1
BUFTYS,1
DFWAGS,1
PHFJFK,1
CHSMYR,1
RDUSHV,1
CIDMKE,1
SATSPI,1
ILEGRK,1
SGUPVU,1
COSGRB,1
CVGPIA,1
RDUMSN,1
SBASMX,1
MODSNA,1
FSDSBN,1
TLHCSG,1
CHAHSV,1
CLLABI,1
TULPVU,1
SEAMFR,1
JFKISP,1
ILMMYR,1
LFTMGM,1
BNASHV,1
BOIIDA,1
MOBSHV,1
CHATOL,1
ORDPUB,1
IAHPIH,1
MLUCLL,1
ABYMCN,1
MCNFWA,1
FSDCPR,1
MRYIDA,1
SRQEYW,1
CAEGSP,1
GSOBUF,1
ABQTWF,1
OKCCOS,1
COSMSN,1
ROABWI,1
BTVAZO,1
SRQCMH,1
SLCROW,1
SBATWF,1
FLOAGS,1
ATWLEX,1
GJTHDN,1
ORDMCN,1
GRBSDF,1
LNKMSN,1
SAVRFD,1
DSMRFD,1
AEXILE,1
AUSPIH,1
CPREKO,1
PIHIDA,1
ONTPVU,1
BFLSBA,1
RICBWI,1
OKCICT,1
OMABHM,1
LITGSO,1
ASEGJT,1
BURTWF,1
BTRAUS,1
GTFCPR,1
COSLNK,1
AVLAGS,1
MEIPNS,1
MSPSPI,1
RDUMLU,1
OMALEX,1
CHSFWA,1
SBNAZO,1
DENCYS,1
LNKCRW,1
GPTMOB,1
LWSTWF,1
SBAIDA,1
PNSAUS,1
LAXDRO,1
INDDSM,1
CRWHTS,1
COSMTJ,1
PITDSM,1
MTJCPR,1
OMEFAI,1
BNACID,1
CHSSGF,1
COSCLE,1
GPTMSY,1
MKEGJT,1
LGBPWM,1
FATOGD,1
SBPPSP,1
CVGSMF,1
CRWRDU,1
DCACHO,1
PSCMFR,1
BWIAVP,1
COSSBN,1
GEGPIH,1
BOITVC,1
TUSLGB,1
